LibraryElement, DeclaringType, EntityKind, Count, Status
System.Windows.Forms.Form.Margin,System.Windows.Forms.Form,Property,1,0
System.Windows.Forms.Form.MainMenuStrip,System.Windows.Forms.Form,Property,1,0
System.Windows.Forms.Form.TopLevel,System.Windows.Forms.Form,Property,1,0
System.Windows.Forms.Form.FormClosing,System.Windows.Forms.Form,Event,2,1
System.Windows.Forms.Form.Load,System.Windows.Forms.Form,Event,16,1
System.Windows.Forms.Form.MinimumSize,System.Windows.Forms.Form,Property,2,1
System.Windows.Forms.Form.MaximumSize,System.Windows.Forms.Form,Property,2,1
System.Windows.Forms.Form.MinimizeBox,System.Windows.Forms.Form,Property,2,1
System.Windows.Forms.Form.MaximizeBox,System.Windows.Forms.Form,Property,4,1
System.Windows.Forms.Form.Text,System.Windows.Forms.Form,Property,30,1
System.Windows.Forms.Form.BackColor,System.Windows.Forms.Form,Property,16,1
System.Windows.Forms.Form.ClientSize,System.Windows.Forms.Form,Property,22,1
System.Windows.Forms.Form.AutoScroll,System.Windows.Forms.Form,Property,4,1
System.Windows.Forms.Form.DialogResult,System.Windows.Forms.Form,Property,4,1
System.Windows.Forms.Form.FormBorderStyle,System.Windows.Forms.Form,Property,2,1
TKS.frmUser.lblEmail,TKS.frmUser,Field,8,1
TKS.frmUser.lblPassword,TKS.frmUser,Field,8,1
TKS.frmUser.lblId,TKS.frmUser,Field,8,1
TKS.frmUser.components,TKS.frmUser,Field,2,1
TKS.frmUser.ucOkCancel,TKS.frmUser,Field,11,1
TKS.frmUser.txtEmail,TKS.frmUser,Field,8,1
TKS.frmUser.txtPassword,TKS.frmUser,Field,9,1
TKS.frmUser.chkEmail,TKS.frmUser,Field,12,1
TKS.frmUser.chkPassword,TKS.frmUser,Field,12,1
TKS.frmUser.chkId,TKS.frmUser,Field,12,1
TKS.frmUser.txtId,TKS.frmUser,Field,9,1
TKS.frmUser.OnSave,TKS.frmUser,Field,1,1
TKS.frmUser,TKS.frmUser,Type,1,1
TKS.frmUser.frmUser_Load,TKS.frmUser,Method,1,1
TKS.frmUser.ucOkCancel2_OkClick,TKS.frmUser,Method,1,1
TKS.frmUser.txtPassword_TextChanged,TKS.frmUser,Method,1,1
TKS.frmUser.txtEmail_TextChanged,TKS.frmUser,Method,1,1
TKS.frmUser.txtId_TextChanged,TKS.frmUser,Method,1,1
TKS.frmUser.Save,TKS.frmUser,Method,3,1
TKS.frmUser.InitializeComponent,TKS.frmUser,Method,2,1
TKS_DB.DataHandler.GetListDataSource.T,TKS_DB.DataHandler.GetListDataSource.T,Type,3,1
TKS.frmUser.DataHandler,TKS.frmUser,Property,2,1
System.Collections.Generic.List`1.this[],System.Collections.Generic.List`1,Property,3,1
System.Collections.Generic.List`1.Count,System.Collections.Generic.List`1,Property,1,1
System.Collections.Generic.List`1,System.Collections.Generic.List`1,Type,8,1
System.Collections.Generic.List`1..ctor,System.Collections.Generic.List`1,Method,4,1
System.Collections.Generic.List`1.Clear,System.Collections.Generic.List`1,Method,2,1
System.Collections.Generic.List`1.Add,System.Collections.Generic.List`1,Method,4,1
System.Collections.Generic.List`1.RemoveAt,System.Collections.Generic.List`1,Method,2,1
System.IDisposable.Dispose,System.IDisposable,Method,26,1
TKS.frmList.SetupGrid.grid,TKS.frmList.SetupGrid.grid,Type,6,1
System.Activator,System.Activator,Type,1,1
System.Activator.CreateInstance,System.Activator,Method,2,1
TKS_DB.DataHandler.GetTableCount.tableName,TKS_DB.DataHandler.GetTableCount.tableName,Type,1,1
TKS.UiCommons.GetComboValueFromText.cmb,TKS.UiCommons.GetComboValueFromText.cmb,Type,4,1
TKS.frmOrders.Dispose.disposing,TKS.frmOrders.Dispose.disposing,Type,2,1
TKS_DB.QueryBuilder.BuildInsertQuery.tableName,TKS_DB.QueryBuilder.BuildInsertQuery.tableName,Type,2,1
System.Windows.Forms.HorizontalAlignment,System.Windows.Forms.HorizontalAlignment,Type,4,1
System.Windows.Forms.HorizontalAlignment.Right,System.Windows.Forms.HorizontalAlignment,Field,8,1
TKS.ElectronicBillForms.CustomersOrders.button2_Click.orderItem,TKS.ElectronicBillForms.CustomersOrders.button2_Click.orderItem,Type,1,1
TKS.frmCustomer.txtFirstName_Validating.sender,TKS.frmCustomer.txtFirstName_Validating.sender,Type,1,1
System.Windows.Forms.ComboBox+ObjectCollection.AddRange,System.Windows.Forms.ComboBox+ObjectCollection,Method,3,1
System.Reflection.AssemblyTitleAttribute..ctor,System.Reflection.AssemblyTitleAttribute,Method,3,1
TKS.frmList.SetupGrid.adjustColumn,TKS.frmList.SetupGrid.adjustColumn,Type,1,1
TKS.frmRoles.ucOkCancel1_OkClick.dataHandler,TKS.frmRoles.ucOkCancel1_OkClick.dataHandler,Type,1,1
System.Drawing.Color,System.Drawing.Color,Type,44,1
System.Drawing.Color.FromArgb,System.Drawing.Color,Method,2,1
TKS.frmUser.txtPassword_TextChanged.sender,TKS.frmUser.txtPassword_TextChanged.sender,Type,1,1
System.Drawing.Color.GhostWhite,System.Drawing.Color,Property,1,1
System.Drawing.Color.Lavender,System.Drawing.Color,Property,8,1
System.Drawing.Color.Transparent,System.Drawing.Color,Property,2,1
System.Drawing.Color.Black,System.Drawing.Color,Property,2,1
System.Drawing.Color.White,System.Drawing.Color,Property,17,1
System.Drawing.Color.Red,System.Drawing.Color,Property,13,1
System.Reflection.AssemblyConfigurationAttribute..ctor,System.Reflection.AssemblyConfigurationAttribute,Method,3,1
System.Windows.Forms.DataGridViewCellStyle.Format,System.Windows.Forms.DataGridViewCellStyle,Property,6,1
TKS.ValidationCommon.IsValidEmailDomian.domain,TKS.ValidationCommon.IsValidEmailDomian.domain,Type,1,1
TKS.frmCustomer.txtLastName_Leave.sender,TKS.frmCustomer.txtLastName_Leave.sender,Type,1,1
System.Windows.Forms.MaskedTextBox,System.Windows.Forms.MaskedTextBox,Type,2,1
System.Windows.Forms.MaskedTextBox..ctor,System.Windows.Forms.MaskedTextBox,Method,1,1
System.ComponentModel.ISupportInitialize.EndInit,System.ComponentModel.ISupportInitialize,Method,16,1
System.ComponentModel.ISupportInitialize.BeginInit,System.ComponentModel.ISupportInitialize,Method,16,1
System.Windows.Forms.MaskedTextBox.Text,System.Windows.Forms.MaskedTextBox,Property,2,1
System.Windows.Forms.MaskedTextBox.TextMaskFormat,System.Windows.Forms.MaskedTextBox,Property,2,1
System.Windows.Forms.MaskedTextBox.Mask,System.Windows.Forms.MaskedTextBox,Property,2,1
System.ComponentModel.ISupportInitialize,System.ComponentModel.ISupportInitialize,Type,16,1
System.Drawing.SizeF,System.Drawing.SizeF,Type,13,1
System.Drawing.SizeF..ctor,System.Drawing.SizeF,Method,13,1
TKS.frmRoles.ucOkCancel1_OkClick.i,TKS.frmRoles.ucOkCancel1_OkClick.i,Type,3,1
System.Windows.Forms.ToolStrip.Items,System.Windows.Forms.ToolStrip,Property,2,1
System.Windows.Forms.ToolStrip.BackColor,System.Windows.Forms.ToolStrip,Property,1,0
System.Windows.Forms.DataGridViewRow.Height,System.Windows.Forms.DataGridViewRow,Property,8,1
TKS.ElectronicBillForms.CustomersOrders.comboBox2_SelectedIndexChanged.obj,TKS.ElectronicBillForms.CustomersOrders.comboBox2_SelectedIndexChanged.obj,Type,1,1
System.Windows.Forms.ListBox.SelectedItem,System.Windows.Forms.ListBox,Property,10,1
System.Windows.Forms.ListBox.Items,System.Windows.Forms.ListBox,Property,6,1
System.Windows.Forms.ListBox.SelectedIndex,System.Windows.Forms.ListBox,Property,6,1
TKS.ElectronicBillForms.CustomersOrders.comboBox3_SelectedIndexChanged.indx,TKS.ElectronicBillForms.CustomersOrders.comboBox3_SelectedIndexChanged.indx,Type,1,1
System.Windows.Forms.ListBox.SelectedIndexChanged,System.Windows.Forms.ListBox,Event,2,1
TKS.frmRoles.btnAdd_Click.node,TKS.frmRoles.btnAdd_Click.node,Type,3,1
System.Windows.Forms.ListBox,System.Windows.Forms.ListBox,Type,9,1
System.Windows.Forms.ListBox..ctor,System.Windows.Forms.ListBox,Method,4,1
System.Collections.Generic.Dictionary`2.TryGetValue,System.Collections.Generic.Dictionary`2,Method,2,1
System.Collections.Generic.Dictionary`2..ctor,System.Collections.Generic.Dictionary`2,Method,7,1
System.Collections.Generic.Dictionary`2,System.Collections.Generic.Dictionary`2,Type,17,1
System.Collections.Generic.Dictionary`2.Values,System.Collections.Generic.Dictionary`2,Property,1,1
System.Collections.Generic.Dictionary`2.Keys,System.Collections.Generic.Dictionary`2,Property,1,1
System.Collections.Generic.Dictionary`2.Count,System.Collections.Generic.Dictionary`2,Property,1,1
System.Collections.Generic.Dictionary`2.this[],System.Collections.Generic.Dictionary`2,Property,1,1
TKS.frmRoles.frmRoles_Load.dataHandler,TKS.frmRoles.frmRoles_Load.dataHandler,Type,1,1
TKS_DB.DataHandler.GetScalarValue.table,TKS_DB.DataHandler.GetScalarValue.table,Type,2,1
TKS.UiCommons.LoadListSource.valueMember,TKS.UiCommons.LoadListSource.valueMember,Type,1,1
TKS_DB.DataHandler.GetListDataSource.command,TKS_DB.DataHandler.GetListDataSource.command,Type,1,1
TKS_DB.DataHandler.GetDataTableSource.columns,TKS_DB.DataHandler.GetDataTableSource.columns,Type,1,1
System.ComponentModel.IContainer,System.ComponentModel.IContainer,Type,13,1
System.Windows.Forms.DialogResult.No,System.Windows.Forms.DialogResult,Field,2,1
System.Windows.Forms.DialogResult.Yes,System.Windows.Forms.DialogResult,Field,2,1
System.Windows.Forms.DialogResult.Cancel,System.Windows.Forms.DialogResult,Field,2,1
System.Windows.Forms.DialogResult.OK,System.Windows.Forms.DialogResult,Field,6,1
System.Drawing.SystemColors.ButtonHighlight,System.Drawing.SystemColors,Property,2,1
System.Drawing.SystemColors,System.Drawing.SystemColors,Type,1,1
System.Windows.Forms.DialogResult,System.Windows.Forms.DialogResult,Type,6,1
TKS.ElectronicBillForms.CustomersOrders.button2_Click.doub,TKS.ElectronicBillForms.CustomersOrders.button2_Click.doub,Type,1,1
TKS.Properties.Resources.set_Culture.value,TKS.Properties.Resources.set_Culture.value,Type,1,1
TKS_DB.DataHandler.GetTableIdent.command,TKS_DB.DataHandler.GetTableIdent.command,Type,4,1
System.Windows.Forms.MenuStrip,System.Windows.Forms.MenuStrip,Type,2,1
System.Windows.Forms.MenuStrip..ctor,System.Windows.Forms.MenuStrip,Method,1,1
TKS.frmProduct.LoadList.values,TKS.frmProduct.LoadList.values,Type,1,1
System.Text.StringBuilder,System.Text.StringBuilder,Type,2,1
System.Text.StringBuilder.ToString,System.Text.StringBuilder,Method,2,1
System.Text.StringBuilder.Append,System.Text.StringBuilder,Method,16,1
System.Text.StringBuilder..ctor,System.Text.StringBuilder,Method,1,1
System.Data.DataRow.this[],System.Data.DataRow,Property,2,1
System.Data.DataRow.ItemArray,System.Data.DataRow,Property,2,1
TKS.frmCustomer.IsNew,TKS.frmCustomer,Property,2,1
System.Data.DataRow,System.Data.DataRow,Type,3,1
TKS.frmCustomer.frmCustomer_Load,TKS.frmCustomer,Method,1,1
TKS.frmCustomer.txtZip_KeyPress,TKS.frmCustomer,Method,1,1
TKS.frmCustomer.txtCity_KeyPress,TKS.frmCustomer,Method,1,1
TKS.frmCustomer.VerifyControls,TKS.frmCustomer,Method,2,1
TKS.frmCustomer.txtEmail_Validating,TKS.frmCustomer,Method,1,1
TKS.frmCustomer.txtEmail_Leave,TKS.frmCustomer,Method,1,1
TKS.frmCustomer.txtFirstName_Validated,TKS.frmCustomer,Method,2,1
TKS.frmCustomer.txtFirstName_Validating,TKS.frmCustomer,Method,2,1
TKS.frmCustomer.btnSave_Click,TKS.frmCustomer,Method,1,1
TKS.frmCustomer.btnCancel_Click,TKS.frmCustomer,Method,1,1
TKS.frmCustomer.InitializeComponent,TKS.frmCustomer,Method,2,1
TKS.frmCustomer.VerifyBackColor,TKS.frmCustomer,Method,6,1
TKS.frmCustomer.VerifyText,TKS.frmCustomer,Method,14,1
TKS.frmCustomer.LoadStates,TKS.frmCustomer,Method,2,1
TKS.frmCustomer,TKS.frmCustomer,Type,2,1
TKS.frmCustomer.DataHandler,TKS.frmCustomer,Field,2,1
TKS.frmCustomer.cboState,TKS.frmCustomer,Field,11,1
TKS.frmCustomer.txtZip,TKS.frmCustomer,Field,10,1
TKS.frmCustomer.txtCity,TKS.frmCustomer,Field,9,1
TKS.frmCustomer.txtStreet,TKS.frmCustomer,Field,9,1
TKS.frmCustomer.txtEmail,TKS.frmCustomer,Field,11,1
TKS.frmCustomer.txtLastName,TKS.frmCustomer,Field,11,1
TKS.frmCustomer.txtFirstName,TKS.frmCustomer,Field,11,1
TKS.frmCustomer.mskPhone,TKS.frmCustomer,Field,10,1
TKS.frmCustomer.lblZip,TKS.frmCustomer,Field,8,1
TKS.frmCustomer.lblState,TKS.frmCustomer,Field,8,1
TKS.frmCustomer.lblCity,TKS.frmCustomer,Field,8,1
TKS.frmCustomer.lblStreet,TKS.frmCustomer,Field,8,1
TKS.frmCustomer.lblEmail,TKS.frmCustomer,Field,8,1
TKS.frmCustomer.lblPhone,TKS.frmCustomer,Field,8,1
TKS.frmCustomer.components,TKS.frmCustomer,Field,2,1
TKS.frmCustomer.btnCancel,TKS.frmCustomer,Field,10,1
TKS.frmCustomer.btnSave,TKS.frmCustomer,Field,9,1
TKS.frmCustomer.lblFirstName,TKS.frmCustomer,Field,10,1
TKS.frmCustomer.lblLastName,TKS.frmCustomer,Field,10,1
System.Decimal..ctor,System.Decimal,Method,6,1
TKS.ValidationCommon,TKS.ValidationCommon,Type,4,1
TKS.ValidationCommon.IsValidEmailDomian,TKS.ValidationCommon,Method,2,1
TKS.ValidationCommon.IsValidPassword,TKS.ValidationCommon,Method,2,1
TKS.ValidationCommon..ctor,TKS.ValidationCommon,Method,1,1
TKS.ValidationCommon.IsValidUserName,TKS.ValidationCommon,Method,2,1
TKS.ValidationCommon.IsValidNameCase,TKS.ValidationCommon,Method,2,1
TKS.ElectronicBillForms.CustomersOrders.comboBox2_SelectedIndexChanged.indx,TKS.ElectronicBillForms.CustomersOrders.comboBox2_SelectedIndexChanged.indx,Type,2,1
TKS.ElectronicBillForms.CustomersOrders.button1_Click.i,TKS.ElectronicBillForms.CustomersOrders.button1_Click.i,Type,3,1
TKS.frmOrders.GetValidOrders.orderItem,TKS.frmOrders.GetValidOrders.orderItem,Type,1,1
System.Windows.Forms.ListBox+ObjectCollection.Count,System.Windows.Forms.ListBox+ObjectCollection,Property,2,1
TKS.ElectronicBillForms.CustomersOrders.button1_Click.id,TKS.ElectronicBillForms.CustomersOrders.button1_Click.id,Type,1,1
System.Reflection.AssemblyDescriptionAttribute..ctor,System.Reflection.AssemblyDescriptionAttribute,Method,3,1
System.Windows.Forms.ListBox+ObjectCollection.Add,System.Windows.Forms.ListBox+ObjectCollection,Method,3,1
System.Windows.Forms.ListBox+ObjectCollection.Clear,System.Windows.Forms.ListBox+ObjectCollection,Method,3,1
TKS.UiCommons.LoadListSource.values,TKS.UiCommons.LoadListSource.values,Type,1,1
TKS_Models.Order..ctor,TKS_Models.Order,Method,2,1
TKS_Models.Order,TKS_Models.Order,Type,6,1
TKS_Models.Order.StaffId,TKS_Models.Order,Property,2,1
TKS_Models.Order.StoreId,TKS_Models.Order,Property,2,1
TKS_Models.Order.ShippedDate,TKS_Models.Order,Property,2,1
TKS_Models.Order.RequiredDate,TKS_Models.Order,Property,2,1
TKS_Models.Order.OrderDate,TKS_Models.Order,Property,2,1
TKS_Models.Order.OrderStatus,TKS_Models.Order,Property,2,1
TKS_Models.Order.CustomerId,TKS_Models.Order,Property,2,1
TKS_Models.Order.Id,TKS_Models.Order,Property,3,1
<ErrorTypeSymbol>,<ErrorTypeSymbol>,Type,9,1
System.Reflection.AssemblyCopyrightAttribute..ctor,System.Reflection.AssemblyCopyrightAttribute,Method,3,1
System.Configuration,System.Configuration,Type,1,1
System.Windows.Forms.ComboBoxStyle.DropDownList,System.Windows.Forms.ComboBoxStyle,Field,10,1
System.Windows.Forms.ComboBoxStyle,System.Windows.Forms.ComboBoxStyle,Type,5,1
System.Char.IsUpper,System.Char,Method,2,1
System.Char.ToString,System.Char,Method,2,1
System.Char.ToUpper,System.Char,Method,1,1
System.Char,System.Char,Type,1,1
System.Reflection.AssemblyFileVersionAttribute..ctor,System.Reflection.AssemblyFileVersionAttribute,Method,3,1
TKS.frmWhiteForm,TKS.frmWhiteForm,Type,1,1
TKS.frmWhiteForm.InitializeComponent,TKS.frmWhiteForm,Method,2,1
TKS.frmWhiteForm.Dispose,TKS.frmWhiteForm,Method,3,1
TKS.ucOkCancel.set_OkButtonText.value,TKS.ucOkCancel.set_OkButtonText.value,Type,1,1
TKS.frmWhiteForm.components,TKS.frmWhiteForm,Field,2,1
System.CodeDom.Compiler.GeneratedCodeAttribute..ctor,System.CodeDom.Compiler.GeneratedCodeAttribute,Method,2,1
System.Windows.Forms.ButtonBase.BackColor,System.Windows.Forms.ButtonBase,Property,20,1
System.Windows.Forms.ButtonBase.AutoSize,System.Windows.Forms.ButtonBase,Property,14,1
System.Windows.Forms.ButtonBase.UseVisualStyleBackColor,System.Windows.Forms.ButtonBase,Property,66,1
System.Windows.Forms.ButtonBase.Text,System.Windows.Forms.ButtonBase,Property,70,1
TKS.frmList.backgroundWorker1,TKS.frmList,Field,2,1
TKS.frmList.grdOrders,TKS.frmList,Field,17,1
TKS.frmList.tabPage1,TKS.frmList,Field,14,1
TKS.frmList.grdUsers,TKS.frmList,Field,16,1
TKS.frmList.tbpUsers,TKS.frmList,Field,14,1
TKS.frmList.tbpCustomers,TKS.frmList,Field,14,1
TKS.frmList.grdProducts,TKS.frmList,Field,16,1
TKS.frmList.tbpProducts,TKS.frmList,Field,14,1
TKS.frmList.tpgOrders,TKS.frmList,Field,15,1
TKS.frmList.grdCustomers,TKS.frmList,Field,16,1
TKS.frmList.components,TKS.frmList,Field,2,1
TKS.ElectronicBillForms.CustomersOrders.comboBox1_SelectedIndexChanged.sender,TKS.ElectronicBillForms.CustomersOrders.comboBox1_SelectedIndexChanged.sender,Type,1,1
System.STAThreadAttribute..ctor,System.STAThreadAttribute,Method,1,1
TKS.frmList.Orders,TKS.frmList,Property,2,1
TKS.frmList.Users,TKS.frmList,Property,2,1
TKS.frmList.Products,TKS.frmList,Property,2,1
TKS.frmList.Customers,TKS.frmList,Property,2,1
TKS.frmList.CustomerList_Load,TKS.frmList,Method,1,1
TKS.frmList.grdOrders_CellContentClick,TKS.frmList,Method,1,1
TKS.frmList.SetupGrid,TKS.frmList,Method,8,1
TKS.frmList.tabDatList_SelectedIndexChanged,TKS.frmList,Method,1,1
TKS.frmList.SetupInitialView,TKS.frmList,Method,4,1
TKS.frmList.InitializeComponent,TKS.frmList,Method,2,1
TKS.frmList,TKS.frmList,Type,2,1
TKS_DB.DataHandler.GetUserById,TKS_DB.DataHandler,Method,2,1
TKS_DB.DataHandler.GetListDataSource,TKS_DB.DataHandler,Method,2,1
TKS_DB.DataHandler.UpdateFields,TKS_DB.DataHandler,Method,2,1
TKS_DB.DataHandler.GetScalarValue,TKS_DB.DataHandler,Method,2,1
TKS_DB.DataHandler.GetTableCount,TKS_DB.DataHandler,Method,2,1
TKS_DB.DataHandler.GetTableIdent,TKS_DB.DataHandler,Method,2,1
TKS_DB.DataHandler.GetDataTableSource,TKS_DB.DataHandler,Method,8,1
TKS_DB.DataHandler.GetDataTableSourceCondition,TKS_DB.DataHandler,Method,4,1
TKS_DB.DataHandler.CreateNewRegisterInTable,TKS_DB.DataHandler,Method,10,1
TKS_DB.DataHandler.GetDataSource,TKS_DB.DataHandler,Method,18,1
TKS_DB.DataHandler..ctor,TKS_DB.DataHandler,Method,10,1
TKS_DB.DataHandler,TKS_DB.DataHandler,Type,15,1
System.Windows.Forms.KeyPressEventHandler,System.Windows.Forms.KeyPressEventHandler,Type,4,1
TKS.ValidationCommon.IsValidPassword.pass,TKS.ValidationCommon.IsValidPassword.pass,Type,1,1
TKS_DB.DataHandler.ConnectionString,TKS_DB.DataHandler,Field,10,1
TKS.frmListData.LoadData.valueMember,TKS.frmListData.LoadData.valueMember,Type,1,1
System.Windows.Forms.ToolStripItem,System.Windows.Forms.ToolStripItem,Type,4,1
System.Windows.Forms.ToolStripItem.Text,System.Windows.Forms.ToolStripItem,Property,18,1
System.Windows.Forms.ToolStripItem.Size,System.Windows.Forms.ToolStripItem,Property,18,1
System.Windows.Forms.ToolStripItem.Name,System.Windows.Forms.ToolStripItem,Property,18,1
System.Windows.Forms.ToolStripItem.Click,System.Windows.Forms.ToolStripItem,Event,8,1
TKS.frmCustomer.txtEmail_Validating.sender,TKS.frmCustomer.txtEmail_Validating.sender,Type,1,1
TKS_DB.DataHandler.GetUserById.userId,TKS_DB.DataHandler.GetUserById.userId,Type,2,1
TKS.ValidationCommon.IsValidEmailDomian.handler,TKS.ValidationCommon.IsValidEmailDomian.handler,Type,1,1
TKS.ElectronicBillForms.CustomersOrders.comboBox2_SelectedIndexChanged.sender,TKS.ElectronicBillForms.CustomersOrders.comboBox2_SelectedIndexChanged.sender,Type,1,1
TKS.frmProduct.txtName_TextChanged.sender,TKS.frmProduct.txtName_TextChanged.sender,Type,1,1
System.Globalization.CultureInfo,System.Globalization.CultureInfo,Type,2,1
System.Type.Assembly,System.Type,Property,1,1
System.Diagnostics.CodeAnalysis.SuppressMessageAttribute..ctor,System.Diagnostics.CodeAnalysis.SuppressMessageAttribute,Method,1,1
TKS_DB.QueryBuilder.BuildInsertQuery.parameters,TKS_DB.QueryBuilder.BuildInsertQuery.parameters,Type,3,1
TKS.ElectronicBillForms.FrmBillManagment.top,TKS.ElectronicBillForms.FrmBillManagment,Field,14,1
TKS.ElectronicBillForms.FrmBillManagment.count,TKS.ElectronicBillForms.FrmBillManagment,Field,4,1
TKS.ElectronicBillForms.FrmBillManagment.pnlContent,TKS.ElectronicBillForms.FrmBillManagment,Field,9,1
TKS.ElectronicBillForms.FrmBillManagment.frm,TKS.ElectronicBillForms.FrmBillManagment,Field,8,1
TKS.ElectronicBillForms.FrmBillManagment.customOrders,TKS.ElectronicBillForms.FrmBillManagment,Field,1,1
TKS.ElectronicBillForms.FrmBillManagment.components,TKS.ElectronicBillForms.FrmBillManagment,Field,2,1
TKS.ElectronicBillForms.FrmBillManagment.panel1,TKS.ElectronicBillForms.FrmBillManagment,Field,12,1
TKS.ElectronicBillForms.FrmBillManagment.btnCancel,TKS.ElectronicBillForms.FrmBillManagment,Field,9,1
TKS.ElectronicBillForms.FrmBillManagment.btnNext,TKS.ElectronicBillForms.FrmBillManagment,Field,13,1
TKS.ElectronicBillForms.FrmBillManagment.btnBack,TKS.ElectronicBillForms.FrmBillManagment,Field,13,1
System.Convert,System.Convert,Type,5,1
System.Convert.ToInt16,System.Convert,Method,2,1
System.Convert.ToInt32,System.Convert,Method,8,1
System.Data.DataTable.Load,System.Data.DataTable,Method,2,1
System.Data.DataTable..ctor,System.Data.DataTable,Method,3,1
System.Windows.Forms.BorderStyle,System.Windows.Forms.BorderStyle,Type,2,1
System.Data.DataTable,System.Data.DataTable,Type,31,1
TKS.ElectronicBillForms.FrmBillManagment,TKS.ElectronicBillForms.FrmBillManagment,Type,1,1
TKS.ElectronicBillForms.FrmBillManagment.FrmBillManagment_Load,TKS.ElectronicBillForms.FrmBillManagment,Method,1,1
TKS.ElectronicBillForms.FrmBillManagment.btnBack_Click_1,TKS.ElectronicBillForms.FrmBillManagment,Method,1,1
TKS.ElectronicBillForms.FrmBillManagment.btnNext_Click,TKS.ElectronicBillForms.FrmBillManagment,Method,1,1
TKS.ElectronicBillForms.FrmBillManagment.btnCancel_Click,TKS.ElectronicBillForms.FrmBillManagment,Method,1,1
TKS.ElectronicBillForms.FrmBillManagment.InitializeComponent,TKS.ElectronicBillForms.FrmBillManagment,Method,2,1
TKS.ElectronicBillForms.FrmBillManagment.LoadNewForm,TKS.ElectronicBillForms.FrmBillManagment,Method,4,1
TKS.ElectronicBillForms.FrmBillManagment.Next,TKS.ElectronicBillForms.FrmBillManagment,Method,4,1
TKS.ElectronicBillForms.FrmBillManagment.Back,TKS.ElectronicBillForms.FrmBillManagment,Method,2,1
System.Windows.Forms.BorderStyle.FixedSingle,System.Windows.Forms.BorderStyle,Field,4,1
System.Data.DataTable.DefaultView,System.Data.DataTable,Property,1,1
System.Data.DataTable.Rows,System.Data.DataTable,Property,5,1
TKS_DB.QueryBuilder.BuildParameters.builder,TKS_DB.QueryBuilder.BuildParameters.builder,Type,2,1
TKS_DB.DataHandler.GetDataSource.reader,TKS_DB.DataHandler.GetDataSource.reader,Type,1,1
TKS_Models.Customer..ctor,TKS_Models.Customer,Method,1,1
TKS_Models.Customer,TKS_Models.Customer,Type,1,1
TKS_Models.Customer.ZipCode,TKS_Models.Customer,Property,2,1
TKS_Models.Customer.State,TKS_Models.Customer,Property,2,1
TKS_Models.Customer.City,TKS_Models.Customer,Property,2,1
TKS_Models.Customer.Street,TKS_Models.Customer,Property,2,1
TKS_Models.Customer.Phone,TKS_Models.Customer,Property,2,1
TKS_Models.Customer.LastName,TKS_Models.Customer,Property,2,1
TKS.ValidationCommon.IsValidUserName.id,TKS.ValidationCommon.IsValidUserName.id,Type,1,1
System.Text.RegularExpressions.Regex,System.Text.RegularExpressions.Regex,Type,4,1
System.Text.RegularExpressions.Regex.Match,System.Text.RegularExpressions.Regex,Method,2,1
System.Text.RegularExpressions.Regex.IsMatch,System.Text.RegularExpressions.Regex,Method,6,1
System.Data.CommandType,System.Data.CommandType,Type,4,1
TKS_Models.NamedValue,TKS_Models.NamedValue,Type,1,1
TKS.frmCustomer.txtZip_KeyPress.match,TKS.frmCustomer.txtZip_KeyPress.match,Type,1,1
System.Data.CommandType.Text,System.Data.CommandType,Field,4,1
TKS.frmProduct,TKS.frmProduct,Type,1,1
TKS_DB.DataHandler.GetUserById.connection,TKS_DB.DataHandler.GetUserById.connection,Type,3,1
TKS.frmRoles.GetRootNode.node,TKS.frmRoles.GetRootNode.node,Type,4,1
TKS.frmProduct.frmProduct_Load,TKS.frmProduct,Method,1,1
TKS.frmProduct.frmProduct_FormClosing,TKS.frmProduct,Method,1,1
TKS.frmProduct.btnVerify_Click,TKS.frmProduct,Method,1,1
TKS.frmProduct.txtName_TextChanged,TKS.frmProduct,Method,1,1
TKS.frmProduct.lnkBrand_LinkClicked,TKS.frmProduct,Method,1,1
TKS.frmProduct.lnkCategory_LinkClicked,TKS.frmProduct,Method,1,1
TKS.frmProduct.button2_Click,TKS.frmProduct,Method,1,1
TKS.frmProduct.btnSave_Click,TKS.frmProduct,Method,1,1
TKS.frmProduct.SetAlert,TKS.frmProduct,Method,8,1
TKS.frmProduct.LoadList,TKS.frmProduct,Method,4,1
TKS.frmProduct.LoadYears,TKS.frmProduct,Method,2,1
TKS.frmProduct.LoadCategories,TKS.frmProduct,Method,2,1
TKS.frmProduct.LoadBrands,TKS.frmProduct,Method,2,1
TKS.frmProduct.IsValidProduct,TKS.frmProduct,Method,4,1
TKS.frmProduct.GetValidProduct,TKS.frmProduct,Method,2,1
TKS.frmProduct.InitializeComponent,TKS.frmProduct,Method,2,1
TKS.frmProduct.Categories,TKS.frmProduct,Property,3,1
TKS.frmProduct.Brands,TKS.frmProduct,Property,3,1
TKS.frmProduct.DataForm,TKS.frmProduct,Property,8,1
TKS.frmProduct.DataHandler,TKS.frmProduct,Property,3,1
TKS.frmProduct.ShouldClose,TKS.frmProduct,Property,3,1
TKS_Models.UserPermissions.Administrator,TKS_Models.UserPermissions,Field,1,1
TKS_Models.UserPermissions.Audit,TKS_Models.UserPermissions,Field,1,1
TKS_Models.UserPermissions.LowLevel,TKS_Models.UserPermissions,Field,1,1
TKS_Models.UserPermissions.ViewOnly,TKS_Models.UserPermissions,Field,2,1
TKS.frmProduct.btnVerify,TKS.frmProduct,Field,10,1
TKS.frmProduct.lblPrice,TKS.frmProduct,Field,9,1
TKS.frmProduct.lblModel,TKS.frmProduct,Field,9,1
TKS.frmProduct.lblName,TKS.frmProduct,Field,9,1
TKS.frmProduct.button2,TKS.frmProduct,Field,10,1
TKS.frmProduct.btnSave,TKS.frmProduct,Field,10,1
TKS.frmProduct.components,TKS.frmProduct,Field,2,1
TKS.frmProduct.lnkCategory,TKS.frmProduct,Field,14,1
TKS.frmProduct.lnkBrand,TKS.frmProduct,Field,14,1
TKS.frmProduct.lblPriceAlert,TKS.frmProduct,Field,12,1
TKS.frmProduct.lblModelAlert,TKS.frmProduct,Field,12,1
TKS.frmProduct.lblCategoryAlert,TKS.frmProduct,Field,12,1
TKS.frmProduct.lblBrandAlert,TKS.frmProduct,Field,12,1
TKS.frmProduct.lblNameAlert,TKS.frmProduct,Field,12,1
TKS.frmProduct.numPrice,TKS.frmProduct,Field,15,1
TKS.frmProduct.cboModel,TKS.frmProduct,Field,13,1
TKS.frmProduct.cboCategory,TKS.frmProduct,Field,15,1
TKS.frmProduct.cboBrand,TKS.frmProduct,Field,15,1
TKS.frmProduct.txtName,TKS.frmProduct,Field,11,1
System.Windows.Forms.Padding,System.Windows.Forms.Padding,Type,36,1
System.Windows.Forms.Padding..ctor,System.Windows.Forms.Padding,Method,36,1
TKS_Models.UserPermissions,TKS_Models.UserPermissions,Type,7,1
TKS.ElectronicBillForms.CustomersOrders.Dispose.disposing,TKS.ElectronicBillForms.CustomersOrders.Dispose.disposing,Type,2,1
TKS_Models.Utilities.DataFormating.GetNullParameterDate.str,TKS_Models.Utilities.DataFormating.GetNullParameterDate.str,Type,1,1
TKS.UiCommons.LoadListSource.ltx,TKS.UiCommons.LoadListSource.ltx,Type,3,1
TKS.UiCommons.OpenWindow.values,TKS.UiCommons.OpenWindow.values,Type,1,1
TKS.frmCustomer.txtFirstName_Validating.control,TKS.frmCustomer.txtFirstName_Validating.control,Type,3,1
TKS.frmProduct.txtName_TextChanged.ctrl,TKS.frmProduct.txtName_TextChanged.ctrl,Type,2,1
System.Linq.Enumerable.Contains,System.Linq.Enumerable,Method,2,1
System.Linq.Enumerable.ToArray,System.Linq.Enumerable,Method,6,1
System.Linq.Enumerable.Cast,System.Linq.Enumerable,Method,2,1
System.Linq.Enumerable.Range,System.Linq.Enumerable,Method,2,1
System.Linq.Enumerable.Count,System.Linq.Enumerable,Method,6,1
System.Linq.Enumerable,System.Linq.Enumerable,Type,1,1
System.Configuration.ApplicationSettingsBase,System.Configuration.ApplicationSettingsBase,Type,2,1
System.Drawing,System.Drawing,Type,34,1
TKS.ElectronicBillForms.FrmBillManagment.Dispose.disposing,TKS.ElectronicBillForms.FrmBillManagment.Dispose.disposing,Type,2,1
System.Runtime.InteropServices.ComVisibleAttribute..ctor,System.Runtime.InteropServices.ComVisibleAttribute,Method,3,1
TKS.frmCustomer.txtEmail_Validating.e,TKS.frmCustomer.txtEmail_Validating.e,Type,1,1
System.Runtime.InteropServices.GuidAttribute..ctor,System.Runtime.InteropServices.GuidAttribute,Method,3,1
System.Windows.Forms.TextBox.PasswordChar,System.Windows.Forms.TextBox,Property,2,1
System.Windows.Forms.TextBox.Text,System.Windows.Forms.TextBox,Property,46,1
System.Windows.Forms.TextBox.Multiline,System.Windows.Forms.TextBox,Property,4,1
TKS.UiCommons.GetComboValueFromText.T,TKS.UiCommons.GetComboValueFromText.T,Type,3,1
System.Windows.Forms.TextBox..ctor,System.Windows.Forms.TextBox,Method,17,1
System.Windows.Forms.TextBox,System.Windows.Forms.TextBox,Type,35,1
System.Windows.Forms.Panel..ctor,System.Windows.Forms.Panel,Method,5,1
System.Windows.Forms.Panel,System.Windows.Forms.Panel,Type,10,1
TKS.frmOrders.LoadDataControls.staff,TKS.frmOrders.LoadDataControls.staff,Type,1,1
System.Windows.Forms.Panel.BorderStyle,System.Windows.Forms.Panel,Property,2,0
TKS.frmList.CustomerList_Load.dataHandler,TKS.frmList.CustomerList_Load.dataHandler,Type,4,1
TKS.UiCommons.EmptyToNull.value,TKS.UiCommons.EmptyToNull.value,Type,2,1
System.Windows.Forms.FormClosingEventHandler,System.Windows.Forms.FormClosingEventHandler,Type,2,1
TKS.ElectronicBillForms.CustomersOrders.comboBox1_SelectedIndexChanged.indx,TKS.ElectronicBillForms.CustomersOrders.comboBox1_SelectedIndexChanged.indx,Type,2,1
System.Windows.Forms.TreeNodeMouseClickEventArgs,System.Windows.Forms.TreeNodeMouseClickEventArgs,Type,1,1
TKS.frmRoles.frmRoles_Load.node,TKS.frmRoles.frmRoles_Load.node,Type,1,1
TKS.frmCustomer.txtEmail_Leave.sender,TKS.frmCustomer.txtEmail_Leave.sender,Type,1,1
TKS_DB.DataHandler.GetDataTableSourceCondition.table,TKS_DB.DataHandler.GetDataTableSourceCondition.table,Type,1,1
TKS.frmList.SetupGrid.ClickOrder,TKS.frmList.SetupGrid.ClickOrder,Type,1,1
TKS_DB.DataHandler.GetListDataSource.list,TKS_DB.DataHandler.GetListDataSource.list,Type,2,1
TKS.frmProduct.LoadYears.years,TKS.frmProduct.LoadYears.years,Type,1,1
System.Reflection.AssemblyProductAttribute..ctor,System.Reflection.AssemblyProductAttribute,Method,3,1
System.Windows.Forms.TextBoxBase.AcceptsTab,System.Windows.Forms.TextBoxBase,Property,4,1
System.Windows.Forms.TextBoxBase.MaxLength,System.Windows.Forms.TextBoxBase,Property,2,1
System.Windows.Forms.TextBoxBase.ReadOnly,System.Windows.Forms.TextBoxBase,Property,6,1
System.Windows.Forms.UserControl.Load,System.Windows.Forms.UserControl,Event,2,1
System.Windows.Forms.UserControl,System.Windows.Forms.UserControl,Type,2,1
System.Text,System.Text,Type,1,1
TKS_DB.DataHandler.GetTableCount.ident,TKS_DB.DataHandler.GetTableCount.ident,Type,2,1
System.Windows.Forms.Control+ControlCollection.SetChildIndex,System.Windows.Forms.Control+ControlCollection,Method,9,1
System.Windows.Forms.Control+ControlCollection.Clear,System.Windows.Forms.Control+ControlCollection,Method,2,1
System.Windows.Forms.Control+ControlCollection.Add,System.Windows.Forms.Control+ControlCollection,Method,411,1
TKS_DB.DataHandler.GetScalarValue.userId,TKS_DB.DataHandler.GetScalarValue.userId,Type,2,1
TKS_DB.DataHandler.GetDataTableSourceCondition.dataTable,TKS_DB.DataHandler.GetDataTableSourceCondition.dataTable,Type,2,1
System.Resources.ResourceManager..ctor,System.Resources.ResourceManager,Method,1,1
System.Resources.ResourceManager,System.Resources.ResourceManager,Type,4,1
TKS.Properties.Settings,TKS.Properties.Settings,Type,4,1
TKS.Properties.Settings..ctor,TKS.Properties.Settings,Method,1,1
TKS.UiCommons.LoadComboSource.values,TKS.UiCommons.LoadComboSource.values,Type,1,1
System.Windows.Forms.GroupBox..ctor,System.Windows.Forms.GroupBox,Method,3,1
System.Windows.Forms.GroupBox,System.Windows.Forms.GroupBox,Type,6,1
TKS.frmCustomer.txtEmail_Validating.control,TKS.frmCustomer.txtEmail_Validating.control,Type,2,1
TKS_DB.DataHandler.CreateNewRegisterInTable.connection,TKS_DB.DataHandler.CreateNewRegisterInTable.connection,Type,3,1
TKS.Properties.Settings.defaultInstance,TKS.Properties.Settings,Field,1,1
System.Windows.Forms.GroupBox.Text,System.Windows.Forms.GroupBox,Property,6,1
System.Windows.Forms.GroupBox.TabStop,System.Windows.Forms.GroupBox,Property,6,1
TKS_DB.DataHandler.GetDataSource.displayMember,TKS_DB.DataHandler.GetDataSource.displayMember,Type,1,1
TKS.frmRoles.btnSecurityLevel_Click.text,TKS.frmRoles.btnSecurityLevel_Click.text,Type,1,1
TKS_DB.DataHandler.GetDataSource.connection,TKS_DB.DataHandler.GetDataSource.connection,Type,3,1
System.Data.SqlDbType.VarChar,System.Data.SqlDbType,Field,2,1
System.Drawing.Size,System.Drawing.Size,Type,160,1
System.Drawing.Size..ctor,System.Drawing.Size,Method,160,1
System.Data.SqlDbType,System.Data.SqlDbType,Type,2,1
TKS_Models.Utilities,TKS_Models.Utilities,Type,30,1
System.Windows.Forms.ContainerControl.Dispose,System.Windows.Forms.ContainerControl,Method,6,1
System.Windows.Forms.ContainerControl.ParentForm,System.Windows.Forms.ContainerControl,Property,2,1
System.Windows.Forms.ContainerControl.AutoScaleMode,System.Windows.Forms.ContainerControl,Property,13,0
System.Windows.Forms.ContainerControl.AutoScaleDimensions,System.Windows.Forms.ContainerControl,Property,13,0
TKS.ElectronicBillForms.CustomersOrders.comboBox3_SelectedIndexChanged.item,TKS.ElectronicBillForms.CustomersOrders.comboBox3_SelectedIndexChanged.item,Type,1,1
TKS.frmListData.Dispose.disposing,TKS.frmListData.Dispose.disposing,Type,2,1
System.EventArgs,System.EventArgs,Type,60,1
TKS_DB.DataHandler.UpdateFields.command,TKS_DB.DataHandler.UpdateFields.command,Type,1,1
System.DateTime,System.DateTime,Type,7,1
System.DateTime.ToShortDateString,System.DateTime,Method,2,1
System.DateTime.AddDays,System.DateTime,Method,4,1
System.DateTime.Year,System.DateTime,Property,1,1
System.DateTime.Now,System.DateTime,Property,3,1
System.DateTime.Date,System.DateTime,Property,3,1
TKS_DB.DataHandler.GetScalarValue.columnName,TKS_DB.DataHandler.GetScalarValue.columnName,Type,2,1
System.Configuration.SettingsBase.Synchronized,System.Configuration.SettingsBase,Method,2,1
TKS.frmOrders.ucOkCancel1_OkClick.order,TKS.frmOrders.ucOkCancel1_OkClick.order,Type,1,1
System.Windows.Forms.FormClosingEventArgs,System.Windows.Forms.FormClosingEventArgs,Type,1,1
TKS_DB.DataHandler.UpdateFields.id,TKS_DB.DataHandler.UpdateFields.id,Type,1,1
TKS.ValidationCommon.IsValidNameCase.control,TKS.ValidationCommon.IsValidNameCase.control,Type,2,1
System.Windows.Forms.TabControl.SelectedIndexChanged,System.Windows.Forms.TabControl,Event,2,1
System.Windows.Forms.TabControl.SelectedIndex,System.Windows.Forms.TabControl,Property,6,1
System.Windows.Forms.TabControl..ctor,System.Windows.Forms.TabControl,Method,1,1
System.Windows.Forms.TabControl,System.Windows.Forms.TabControl,Type,3,1
TKS.frmCustomer.VerifyText.control,TKS.frmCustomer.VerifyText.control,Type,1,1
TKS.frmCustomer.btnCancel_Click.result,TKS.frmCustomer.btnCancel_Click.result,Type,1,1
TKS.frmListData.LoadData.values,TKS.frmListData.LoadData.values,Type,1,1
System.Drawing.Point..ctor,System.Drawing.Point,Method,137,1
System.Drawing.Point,System.Drawing.Point,Type,137,1
TKS_DB.DataHandler.CreateNewRegisterInTable.formater,TKS_DB.DataHandler.CreateNewRegisterInTable.formater,Type,1,1
TKS_DB.DataHandler.GetDataTableSourceCondition.condition,TKS_DB.DataHandler.GetDataTableSourceCondition.condition,Type,1,1
TKS.ElectronicBillForms.CustomersOrders.button2_Click.price,TKS.ElectronicBillForms.CustomersOrders.button2_Click.price,Type,5,1
System.Windows.Forms.DateTimePicker.Format,System.Windows.Forms.DateTimePicker,Property,6,1
System.Windows.Forms.DateTimePicker.Value,System.Windows.Forms.DateTimePicker,Property,10,1
System.Windows.Forms.Button..ctor,System.Windows.Forms.Button,Method,26,1
System.Windows.Forms.Button,System.Windows.Forms.Button,Type,52,1
System.Windows.Forms.DateTimePicker,System.Windows.Forms.DateTimePicker,Type,6,1
System.Windows.Forms.DateTimePicker..ctor,System.Windows.Forms.DateTimePicker,Method,3,1
TKS.frmRoles.frmRoles_Load.roles,TKS.frmRoles.frmRoles_Load.roles,Type,2,1
System.Windows.Forms.RadioButton.TabStop,System.Windows.Forms.RadioButton,Property,8,1
TKS.UiCommons.OpenWindow.frm,TKS.UiCommons.OpenWindow.frm,Type,2,1
System.Windows.Forms.RadioButton.CheckedChanged,System.Windows.Forms.RadioButton,Event,8,1
System.Windows.Forms.RadioButton,System.Windows.Forms.RadioButton,Type,8,1
System.Windows.Forms.RadioButton..ctor,System.Windows.Forms.RadioButton,Method,4,1
TKS.frmUser.Dispose.disposing,TKS.frmUser.Dispose.disposing,Type,2,1
TKS.frmMain.uoCollapsableControl1,TKS.frmMain,Field,8,1
TKS.frmMain.assignRoleToolStripMenuItem,TKS.frmMain,Field,6,1
TKS.frmMain.rolesToolStripMenuItem,TKS.frmMain,Field,6,1
TKS.frmMain.personalizationToolStripMenuItem,TKS.frmMain,Field,6,1
TKS.frmMain.createOrderToolStripMenuItem,TKS.frmMain,Field,6,1
TKS.frmMain.ordersToolStripMenuItem,TKS.frmMain,Field,6,1
TKS.frmMain.viewCustomersToolStripMenuItem,TKS.frmMain,Field,6,1
TKS.frmMain.createCustomerToolStripMenuItem,TKS.frmMain,Field,6,1
TKS.frmMain.usersToolStripMenuItem,TKS.frmMain,Field,6,1
TKS.frmMain.fileToolStripMenuItem,TKS.frmMain,Field,5,1
TKS.frmMain.menuStrip1,TKS.frmMain,Field,13,1
TKS.frmMain.components,TKS.frmMain,Field,2,1
System.Text.RegularExpressions,System.Text.RegularExpressions,Type,1,1
TKS.ucOkCancel.Dispose.disposing,TKS.ucOkCancel.Dispose.disposing,Type,2,1
TKS.frmMain,TKS.frmMain,Type,1,1
TKS.frmMain..ctor,TKS.frmMain,Method,1,1
TKS.frmMain.assignRoleToolStripMenuItem_Click,TKS.frmMain,Method,1,1
TKS.frmMain.createOrderToolStripMenuItem_Click,TKS.frmMain,Method,1,1
TKS.frmMain.ViewCustomersToolStripMenuItem_Click,TKS.frmMain,Method,1,1
TKS.frmMain.createCustomerToolStripMenuItem_Click,TKS.frmMain,Method,1,1
TKS.frmMain.InitializeComponent,TKS.frmMain,Method,2,1
System.Data.DataRowView,System.Data.DataRowView,Type,4,1
System.Data.DataRowView.this[],System.Data.DataRowView,Property,5,1
TKS.frmOrders.lbxProducts_SelectedIndexChanged.productId,TKS.frmOrders.lbxProducts_SelectedIndexChanged.productId,Type,1,1
TKS.frmCustomer.txtFirstName_Validating.e,TKS.frmCustomer.txtFirstName_Validating.e,Type,1,1
System.Windows.Forms.KeyPressEventArgs,System.Windows.Forms.KeyPressEventArgs,Type,2,1
TKS.UiCommons,TKS.UiCommons,Type,28,1
TKS.UiCommons.OpenWindow,TKS.UiCommons,Method,22,1
TKS.UiCommons.LoadListSource,TKS.UiCommons,Method,4,1
System.Windows.Forms.KeyPressEventArgs.Handled,System.Windows.Forms.KeyPressEventArgs,Property,2,1
System.Windows.Forms.KeyPressEventArgs.KeyChar,System.Windows.Forms.KeyPressEventArgs,Property,6,1
TKS.UiCommons.GetComboValueFromText,TKS.UiCommons,Method,10,1
TKS.UiCommons.EmptyToNull,TKS.UiCommons,Method,12,1
TKS.UiCommons.LoadComboSource,TKS.UiCommons,Method,8,1
TKS.frmCustomer.VerifyBackColor.control,TKS.frmCustomer.VerifyBackColor.control,Type,1,1
System.Windows.Forms.Label..ctor,System.Windows.Forms.Label,Method,40,1
System.Windows.Forms.Label,System.Windows.Forms.Label,Type,80,1
TKS_DB.QueryBuilder.BuildParameters.i,TKS_DB.QueryBuilder.BuildParameters.i,Type,6,1
TKS.ucOkCancel.OkButtonText,TKS.ucOkCancel,Property,4,1
TKS.ucOkCancel.CancelButtonText,TKS.ucOkCancel,Property,3,1
System.Windows.Forms.Label.Text,System.Windows.Forms.Label,Property,72,1
System.Windows.Forms.Label.AutoSize,System.Windows.Forms.Label,Property,74,1
TKS.ucOkCancel.OkClick,TKS.ucOkCancel,Event,4,1
TKS_DB.DataHandler.GetScalarValue.where,TKS_DB.DataHandler.GetScalarValue.where,Type,2,1
TKS.ucOkCancel,TKS.ucOkCancel,Type,6,1
TKS.ucOkCancel.btnCancel_Click,TKS.ucOkCancel,Method,1,1
TKS.ucOkCancel.btnOk_Click,TKS.ucOkCancel,Method,1,1
TKS.ucOkCancel.InitializeComponent,TKS.ucOkCancel,Method,2,1
TKS.ucOkCancel..ctor,TKS.ucOkCancel,Method,3,1
TKS.ucOkCancel.btnCancel,TKS.ucOkCancel,Field,11,1
TKS.ucOkCancel.components,TKS.ucOkCancel,Field,2,1
TKS.ucOkCancel.btnOk,TKS.ucOkCancel,Field,12,1
System.String.this[],System.String,Property,1,1
System.String.Length,System.String,Property,1,1
System.String,System.String,Type,8,1
System.String.ToLower,System.String,Method,2,1
System.String.Split,System.String,Method,2,1
System.String.IsNullOrWhiteSpace,System.String,Method,7,1
System.String.IsNullOrEmpty,System.String,Method,9,1
TKS.frmOrders.GetFinalPrice.total,TKS.frmOrders.GetFinalPrice.total,Type,1,1
System.String.Format,System.String,Method,4,1
TKS_DB.DataHandler.GetListDataSource.tableName,TKS_DB.DataHandler.GetListDataSource.tableName,Type,1,1
TKS_DB.DataHandler.GetScalarValue.command,TKS_DB.DataHandler.GetScalarValue.command,Type,5,1
TKS.frmUser.txtEmail_TextChanged.sender,TKS.frmUser.txtEmail_TextChanged.sender,Type,1,1
TKS.OnSaveEventHandler,TKS.OnSaveEventHandler,Type,1,1
TKS.frmOrders.GetFinalPrice.subTotal,TKS.frmOrders.GetFinalPrice.subTotal,Type,2,1
System.ComponentModel.CancelEventHandler,System.ComponentModel.CancelEventHandler,Type,6,1
System.Windows.Forms.NumericUpDown.ValueChanged,System.Windows.Forms.NumericUpDown,Event,4,1
System.ComponentModel.EditorBrowsableState,System.ComponentModel.EditorBrowsableState,Type,2,1
System.Windows.Forms.NumericUpDown.Minimum,System.Windows.Forms.NumericUpDown,Property,2,1
System.Windows.Forms.NumericUpDown.Maximum,System.Windows.Forms.NumericUpDown,Property,8,1
System.Windows.Forms.NumericUpDown.DecimalPlaces,System.Windows.Forms.NumericUpDown,Property,6,1
System.Windows.Forms.NumericUpDown.Value,System.Windows.Forms.NumericUpDown,Property,20,1
System.Windows.Forms.NumericUpDown..ctor,System.Windows.Forms.NumericUpDown,Method,4,1
System.Windows.Forms.NumericUpDown,System.Windows.Forms.NumericUpDown,Type,8,1
System.ComponentModel.EditorBrowsableState.Advanced,System.ComponentModel.EditorBrowsableState,Field,2,1
TKS.ElectronicBillForms.CustomersOrders.textBox5_TextChanged.sender,TKS.ElectronicBillForms.CustomersOrders.textBox5_TextChanged.sender,Type,1,1
TKS.frmProduct.frmProduct_FormClosing.e,TKS.frmProduct.frmProduct_FormClosing.e,Type,1,1
TKS.frmList.SetupGrid.hideId,TKS.frmList.SetupGrid.hideId,Type,1,1
TKS.frmRoles.btnRemove_Click.node,TKS.frmRoles.btnRemove_Click.node,Type,3,1
System.Windows.Forms.TreeNode.Parent,System.Windows.Forms.TreeNode,Property,4,1
System.Windows.Forms.TreeNode.Text,System.Windows.Forms.TreeNode,Property,10,1
System.Windows.Forms.TreeNode.Checked,System.Windows.Forms.TreeNode,Property,6,1
System.Windows.Forms.TreeNode.Nodes,System.Windows.Forms.TreeNode,Property,8,1
System.Windows.Forms.TreeNode,System.Windows.Forms.TreeNode,Type,1,1
System.Windows.Forms.DateTimePickerFormat,System.Windows.Forms.DateTimePickerFormat,Type,3,1
TKS.frmProduct.LoadList.listCtl,TKS.frmProduct.LoadList.listCtl,Type,3,1
System.Windows.Forms.DateTimePickerFormat.Short,System.Windows.Forms.DateTimePickerFormat,Field,6,1
TKS_DB.DataHandler.GetScalarValue.connection,TKS_DB.DataHandler.GetScalarValue.connection,Type,3,1
System.Windows.Forms.CheckState,System.Windows.Forms.CheckState,Type,2,1
System.Windows.Forms.CheckState.Unchecked,System.Windows.Forms.CheckState,Field,2,1
System.Windows.Forms.CheckState.Checked,System.Windows.Forms.CheckState,Field,2,1
System.StringComparer,System.StringComparer,Type,1,1
System.StringComparer.OrdinalIgnoreCase,System.StringComparer,Property,1,1
TKS.UOCollapsableControl.Dispose.disposing,TKS.UOCollapsableControl.Dispose.disposing,Type,2,1
TKS.UOCollapsableControl.btnCreateCustomer,TKS.UOCollapsableControl,Field,11,1
TKS.UOCollapsableControl.btnCreateOrder,TKS.UOCollapsableControl,Field,11,1
TKS.UOCollapsableControl.btnCreateProduct,TKS.UOCollapsableControl,Field,11,1
TKS.UOCollapsableControl.btnRoles,TKS.UOCollapsableControl,Field,11,1
TKS.UOCollapsableControl.btnCreateUser,TKS.UOCollapsableControl,Field,11,1
TKS.UOCollapsableControl.btnList,TKS.UOCollapsableControl,Field,11,1
TKS.UOCollapsableControl.buttonMaintenance,TKS.UOCollapsableControl,Field,11,1
TKS.UOCollapsableControl.pnlCollapsable,TKS.UOCollapsableControl,Field,19,1
TKS.UOCollapsableControl.btnCollapseExpand,TKS.UOCollapsableControl,Field,11,1
TKS.UOCollapsableControl.lblHeader,TKS.UOCollapsableControl,Field,10,1
TKS.UOCollapsableControl.pnlHeader,TKS.UOCollapsableControl,Field,14,1
TKS.UOCollapsableControl.components,TKS.UOCollapsableControl,Field,2,1
TKS.UOCollapsableControl.SetPanelVisibility,TKS.UOCollapsableControl,Method,2,1
TKS.UOCollapsableControl.InitializeComponent,TKS.UOCollapsableControl,Method,2,1
TKS.UOCollapsableControl.btnCreateUser_Click,TKS.UOCollapsableControl,Method,1,1
TKS.UOCollapsableControl.btnCreateOrder_Click,TKS.UOCollapsableControl,Method,1,1
TKS.UOCollapsableControl.btnCreateProduct_Click,TKS.UOCollapsableControl,Method,1,1
TKS.UOCollapsableControl.btnCreatInvoice_Click,TKS.UOCollapsableControl,Method,1,1
TKS.UOCollapsableControl.btnCreateUser_Click_1,TKS.UOCollapsableControl,Method,1,1
TKS.UOCollapsableControl.btnList_Click,TKS.UOCollapsableControl,Method,1,1
TKS.UOCollapsableControl.buttonMaintenance_Click,TKS.UOCollapsableControl,Method,1,1
TKS.UOCollapsableControl.BtnCollapseExpand_Click,TKS.UOCollapsableControl,Method,1,1
TKS.UOCollapsableControl..ctor,TKS.UOCollapsableControl,Method,1,1
TKS.UOCollapsableControl,TKS.UOCollapsableControl,Type,2,1
TKS.UOCollapsableControl.IsCollapsed,TKS.UOCollapsableControl,Property,4,1
System.Enum,System.Enum,Type,1,1
System.Enum.ToString,System.Enum,Method,12,1
System.Enum.GetValues,System.Enum,Method,2,1
TKS.frmRoles.frmRoles_Load.role,TKS.frmRoles.frmRoles_Load.role,Type,1,1
TKS_DB.DataHandler.GetTableIdent.ident,TKS_DB.DataHandler.GetTableIdent.ident,Type,2,1
System.ComponentModel.EditorBrowsableAttribute..ctor,System.ComponentModel.EditorBrowsableAttribute,Method,2,1
TKS.ElectronicBillForms.CustomersOrders.textBox5_TextChanged.txtBx,TKS.ElectronicBillForms.CustomersOrders.textBox5_TextChanged.txtBx,Type,1,1
TKS.frmOrders.ucOkCancel1_OkClick.orderItem,TKS.frmOrders.ucOkCancel1_OkClick.orderItem,Type,4,1
TKS.frmListData.lbxData,TKS.frmListData,Field,14,1
TKS.frmListData.components,TKS.frmListData,Field,2,1
TKS.frmListData.btnSelect,TKS.frmListData,Field,9,1
TKS.frmListData.btnClose,TKS.frmListData,Field,9,1
TKS.frmListData.SelectedIndex,TKS.frmListData,Property,3,1
TKS.frmListData.LoadData,TKS.frmListData,Method,4,1
TKS.frmListData..ctor,TKS.frmListData,Method,2,1
TKS.frmListData.btnClose_Click,TKS.frmListData,Method,1,1
TKS.frmListData.btnSelect_Click,TKS.frmListData,Method,1,1
TKS.frmListData.InitializeComponent,TKS.frmListData,Method,2,1
System.Text.RegularExpressions.RegexOptions.IgnoreCase,System.Text.RegularExpressions.RegexOptions,Field,2,1
TKS.frmListData,TKS.frmListData,Type,3,1
TKS_DB.DataHandler.CreateNewRegisterInTable.tableName,TKS_DB.DataHandler.CreateNewRegisterInTable.tableName,Type,1,1
System.Text.RegularExpressions.RegexOptions,System.Text.RegularExpressions.RegexOptions,Type,2,1
System.Windows.Forms.ToolStripMenuItem..ctor,System.Windows.Forms.ToolStripMenuItem,Method,9,1
System.Windows.Forms.ToolStripMenuItem,System.Windows.Forms.ToolStripMenuItem,Type,18,1
System.Windows.Forms.ToolStripMenuItem.Enabled,System.Windows.Forms.ToolStripMenuItem,Property,2,1
TKS_DB.DataHandler.GetTableCount.connection,TKS_DB.DataHandler.GetTableCount.connection,Type,3,1
TKS.frmRoles.GetSecurityFromText.text,TKS.frmRoles.GetSecurityFromText.text,Type,4,1
TKS_DB.DataHandler.CreateNewRegisterInTable.query,TKS_DB.DataHandler.CreateNewRegisterInTable.query,Type,1,1
TKS_DB.DataHandler.GetScalarValue.condition,TKS_DB.DataHandler.GetScalarValue.condition,Type,2,1
TKS.ElectronicBillForms.FrmBillManagment..ctor.frmNew,TKS.ElectronicBillForms.FrmBillManagment..ctor.frmNew,Type,1,1
System.Windows.Forms.UpDownBase.TextAlign,System.Windows.Forms.UpDownBase,Property,4,0
TKS.frmRoles.ucOkCancel1_OkClick.node,TKS.frmRoles.ucOkCancel1_OkClick.node,Type,3,1
TKS.frmCustomer.txtCity_KeyPress.e,TKS.frmCustomer.txtCity_KeyPress.e,Type,2,1
TKS.frmOrders.LoadDataControls.customers,TKS.frmOrders.LoadDataControls.customers,Type,1,1
TKS_DB.DataHandler.GetListDataSource.connection,TKS_DB.DataHandler.GetListDataSource.connection,Type,3,1
TKS_DB.DataHandler.GetDataTableSource.table,TKS_DB.DataHandler.GetDataTableSource.table,Type,1,1
TKS.ElectronicBillForms.CustomersOrders.comboBox1_SelectedIndexChanged.obj,TKS.ElectronicBillForms.CustomersOrders.comboBox1_SelectedIndexChanged.obj,Type,1,1
TKS.ValidationCommon.IsValidEmailDomian.list,TKS.ValidationCommon.IsValidEmailDomian.list,Type,1,1
TKS_DB.QueryBuilder.BuildInsertQuery.builder,TKS_DB.QueryBuilder.BuildInsertQuery.builder,Type,9,1
System.Reflection.AssemblyTrademarkAttribute..ctor,System.Reflection.AssemblyTrademarkAttribute,Method,3,1
TKS.frmProduct.btnSave_Click.product,TKS.frmProduct.btnSave_Click.product,Type,1,1
TKS.frmUser.Save.user,TKS.frmUser.Save.user,Type,1,1
TKS.frmRoles.User,TKS.frmRoles,Property,3,1
TKS.UiCommons.LoadComboSource.valueMember,TKS.UiCommons.LoadComboSource.valueMember,Type,1,1
TKS.frmRoles,TKS.frmRoles,Type,2,1
TKS.frmRoles.frmRoles_Load,TKS.frmRoles,Method,1,1
TKS.frmRoles.btnSecurityLevel_Click,TKS.frmRoles,Method,1,1
TKS.frmRoles.ucOkCancel1_OkClick,TKS.frmRoles,Method,1,1
TKS.frmRoles.btnAdd_Click,TKS.frmRoles,Method,1,1
TKS.frmRoles.btnRemove_Click,TKS.frmRoles,Method,1,1
TKS.frmRoles.tvwUser_NodeMouseClick_1,TKS.frmRoles,Method,1,1
TKS.frmRoles.GetSecurityFromText,TKS.frmRoles,Method,2,1
TKS.frmRoles.GetRootNode,TKS.frmRoles,Method,4,1
TKS.frmRoles.InitializeComponent,TKS.frmRoles,Method,2,1
TKS.Properties.Resources.resourceCulture,TKS.Properties.Resources,Field,2,1
TKS.Properties.Resources.resourceMan,TKS.Properties.Resources,Field,3,1
TKS.frmRoles.btnSecurityLevel,TKS.frmRoles,Field,9,1
TKS.frmRoles.ucOkCancel1,TKS.frmRoles,Field,10,1
TKS.frmRoles.lblSecurityLevel,TKS.frmRoles,Field,8,1
TKS.frmRoles.btnAdd,TKS.frmRoles,Field,9,1
TKS.frmRoles.btnRemove,TKS.frmRoles,Field,9,1
TKS.frmRoles.components,TKS.frmRoles,Field,2,1
TKS.frmRoles.txtSecurityLevel,TKS.frmRoles,Field,9,1
TKS.frmRoles.tvwUser,TKS.frmRoles,Field,14,1
TKS.frmRoles.lbxRoles,TKS.frmRoles,Field,10,1
TKS.Properties.Resources,TKS.Properties.Resources,Type,1,1
System.Double,System.Double,Type,1,1
System.Double.ToString,System.Double,Method,2,1
System.Double.Parse,System.Double,Method,2,1
TKS_DB.DataHandler.GetScalarValue.T,TKS_DB.DataHandler.GetScalarValue.T,Type,5,1
TKS.frmCustomer.txtZip_KeyPress.e,TKS.frmCustomer.txtZip_KeyPress.e,Type,2,1
TKS.frmProduct.LoadList.valueMember,TKS.frmProduct.LoadList.valueMember,Type,1,1
TKS_DB.DataHandler.GetListDataSource.column,TKS_DB.DataHandler.GetListDataSource.column,Type,2,1
TKS_DB.DataHandler.GetDataSource.command,TKS_DB.DataHandler.GetDataSource.command,Type,1,1
TKS.Properties.Resources.get_ResourceManager.temp,TKS.Properties.Resources.get_ResourceManager.temp,Type,1,1
TKS.frmCustomer.Dispose.disposing,TKS.frmCustomer.Dispose.disposing,Type,2,1
TKS_Models.Utilities.DataFormating,TKS_Models.Utilities.DataFormating,Type,30,1
TKS_Models.Utilities.DataFormating.GetNullParameterDate,TKS_Models.Utilities.DataFormating,Method,6,1
TKS_Models.Utilities.DataFormating.GetNullParameter,TKS_Models.Utilities.DataFormating,Method,28,1
TKS_Models.Utilities.DataFormating.GetNullParameterStr,TKS_Models.Utilities.DataFormating,Method,26,1
TKS_DB.DataHandler.GetListDataSource.reader,TKS_DB.DataHandler.GetListDataSource.reader,Type,2,1
TKS.UiCommons.LoadListSource.displayMember,TKS.UiCommons.LoadListSource.displayMember,Type,1,1
System.Windows.Forms.ToolStripDropDownItem.DropDownItems,System.Windows.Forms.ToolStripDropDownItem,Property,6,1
TKS.ElectronicBillForms.CustomersOrders.button1_Click.value,TKS.ElectronicBillForms.CustomersOrders.button1_Click.value,Type,2,1
System.Drawing.GraphicsUnit.Point,System.Drawing.GraphicsUnit,Field,2,1
System.Drawing.GraphicsUnit,System.Drawing.GraphicsUnit,Type,1,1
TKS.frmProduct.LoadList.displayMember,TKS.frmProduct.LoadList.displayMember,Type,1,1
System.Drawing.Font,System.Drawing.Font,Type,1,1
System.Drawing.Font..ctor,System.Drawing.Font,Method,1,1
System.Windows.Forms.TreeView,System.Windows.Forms.TreeView,Type,2,1
System.Windows.Forms.TreeView..ctor,System.Windows.Forms.TreeView,Method,1,1
System.Windows.Forms.TreeNodeCollection.this[],System.Windows.Forms.TreeNodeCollection,Property,4,1
System.Windows.Forms.TreeNodeCollection.Count,System.Windows.Forms.TreeNodeCollection,Property,2,1
System.Windows.Forms.TreeView.ExpandAll,System.Windows.Forms.TreeView,Method,3,1
System.Windows.Forms.TreeView.SelectedNode,System.Windows.Forms.TreeView,Property,6,1
System.Windows.Forms.TreeView.Nodes,System.Windows.Forms.TreeView,Property,6,1
TKS.ElectronicBillForms.CustomersOrders.comboBox1_SelectedIndexChanged.combobx,TKS.ElectronicBillForms.CustomersOrders.comboBox1_SelectedIndexChanged.combobx,Type,1,1
TKS.ucOkCancel.btnOk_Click.e,TKS.ucOkCancel.btnOk_Click.e,Type,1,1
System.Windows.Forms.TreeView.NodeMouseClick,System.Windows.Forms.TreeView,Event,2,1
TKS_Models.Utilities.DataFormating.GetNullParameterStr.parameter,TKS_Models.Utilities.DataFormating.GetNullParameterStr.parameter,Type,2,1
System.Windows.Forms.TreeNodeCollection.Add,System.Windows.Forms.TreeNodeCollection,Method,6,1
System.Windows.Forms.ToolStripItemCollection.AddRange,System.Windows.Forms.ToolStripItemCollection,Method,12,1
System.Windows.Forms.DataGridViewColumnHeadersHeightSizeMode.AutoSize,System.Windows.Forms.DataGridViewColumnHeadersHeightSizeMode,Field,8,1
TKS.frmWhiteForm.Dispose.disposing,TKS.frmWhiteForm.Dispose.disposing,Type,2,1
System.Windows.Forms.DataGridViewColumnHeadersHeightSizeMode,System.Windows.Forms.DataGridViewColumnHeadersHeightSizeMode,Type,4,1
System.Windows.Forms.Application.Run,System.Windows.Forms.Application,Method,2,1
System.Windows.Forms.Application.SetCompatibleTextRenderingDefault,System.Windows.Forms.Application,Method,1,1
System.Windows.Forms.Application.EnableVisualStyles,System.Windows.Forms.Application,Method,1,1
System.Windows.Forms.Application,System.Windows.Forms.Application,Type,3,1
System.Windows.Forms.Application.SetCompatibleTextRenderingDefault,System.Windows.Forms.Application,Method,1,0
System.Windows.Forms.Application.EnableVisualStyles,System.Windows.Forms.Application,Method,1,0
System.Windows.Forms.CheckBox,System.Windows.Forms.CheckBox,Type,6,1
System.Windows.Forms.CheckBox..ctor,System.Windows.Forms.CheckBox,Method,3,1
System.Windows.Forms.CheckBox.CheckState,System.Windows.Forms.CheckBox,Property,2,1
System.Windows.Forms.CheckBox.Checked,System.Windows.Forms.CheckBox,Property,10,1
TKS.frmOrders.LoadDataControls.stores,TKS.frmOrders.LoadDataControls.stores,Type,1,1
System.EventHandler.Invoke,System.EventHandler,Method,1,1
TKS.frmCustomer.txtLastName_Leave.control,TKS.frmCustomer.txtLastName_Leave.control,Type,2,1
System.EventHandler,System.EventHandler,Type,124,1
System.Diagnostics.DebuggerNonUserCodeAttribute..ctor,System.Diagnostics.DebuggerNonUserCodeAttribute,Method,1,1
TKS_DB.DataHandler.GetUserById.command,TKS_DB.DataHandler.GetUserById.command,Type,5,1
System.Windows.Forms.LinkLabel..ctor,System.Windows.Forms.LinkLabel,Method,2,1
System.Windows.Forms.LinkLabel,System.Windows.Forms.LinkLabel,Type,4,1
TKS_DB.DataHandler.GetDataSource.valueMember,TKS_DB.DataHandler.GetDataSource.valueMember,Type,1,1
TKS_Models.IQueryFormater,TKS_Models.IQueryFormater,Type,6,1
TKS_Models.IQueryFormater.GetQueryValues,TKS_Models.IQueryFormater,Method,2,1
System.Windows.Forms.LinkLabel.LinkClicked,System.Windows.Forms.LinkLabel,Event,4,1
System.Windows.Forms.LinkLabel.Text,System.Windows.Forms.LinkLabel,Property,4,1
System.Windows.Forms.LinkLabel.TabStop,System.Windows.Forms.LinkLabel,Property,4,1
TKS_DB.DataHandler.GetDataTableSource.dataTable,TKS_DB.DataHandler.GetDataTableSource.dataTable,Type,2,1
System.Windows.Forms.LinkLabelLinkClickedEventArgs,System.Windows.Forms.LinkLabelLinkClickedEventArgs,Type,2,1
TKS_Models.Utilities.DataFormating.GetNullParameterDate.parameter,TKS_Models.Utilities.DataFormating.GetNullParameterDate.parameter,Type,2,1
System.Data.Common.DbDataAdapter.Fill,System.Data.Common.DbDataAdapter,Method,4,1
TKS_DB.DataHandler.GetDataTableSourceCondition.columns,TKS_DB.DataHandler.GetDataTableSourceCondition.columns,Type,1,1
TKS.frmList.tabDatList_SelectedIndexChanged.sender,TKS.frmList.tabDatList_SelectedIndexChanged.sender,Type,1,1
TKS_Models.User,TKS_Models.User,Type,2,1
TKS_Models.User..ctor,TKS_Models.User,Method,1,1
TKS_Models.User.Permissions,TKS_Models.User,Property,1,1
System.Data.SqlClient.SqlCommand.ExecuteReader,System.Data.SqlClient.SqlCommand,Method,4,1
System.Data.SqlClient.SqlCommand.ExecuteScalar,System.Data.SqlClient.SqlCommand,Method,8,1
System.Data.SqlClient.SqlCommand.ExecuteNonQuery,System.Data.SqlClient.SqlCommand,Method,4,1
System.Data.SqlClient.SqlCommand..ctor,System.Data.SqlClient.SqlCommand,Method,8,1
TKS_Models.User.Password,TKS_Models.User,Property,2,1
TKS_Models.User.Email,TKS_Models.User,Property,4,1
TKS_Models.User.Name,TKS_Models.User,Property,4,1
System.Data.SqlClient.SqlCommand,System.Data.SqlClient.SqlCommand,Type,8,1
System.Data.SqlClient.SqlCommand.Connection,System.Data.SqlClient.SqlCommand,Property,4,1
System.Data.SqlClient.SqlCommand.CommandText,System.Data.SqlClient.SqlCommand,Property,4,1
System.Data.SqlClient.SqlCommand.Parameters,System.Data.SqlClient.SqlCommand,Property,2,1
System.Data.SqlClient.SqlCommand.CommandType,System.Data.SqlClient.SqlCommand,Property,4,1
TKS.ElectronicBillForms.CustomersOrders.comboBox3_SelectedIndexChanged.sender,TKS.ElectronicBillForms.CustomersOrders.comboBox3_SelectedIndexChanged.sender,Type,1,1
TKS.frmProduct.Dispose.disposing,TKS.frmProduct.Dispose.disposing,Type,2,1
TKS_DB.DataHandler.GetUserById.id,TKS_DB.DataHandler.GetUserById.id,Type,2,1
TKS_DB.DataHandler.CreateNewRegisterInTable.command,TKS_DB.DataHandler.CreateNewRegisterInTable.command,Type,1,1
System.ComponentModel,System.ComponentModel,Type,2,1
TKS_DB.QueryBuilder.BuildParameters.values,TKS_DB.QueryBuilder.BuildParameters.values,Type,5,1
TKS_DB.DataHandler.GetDataSource.dataTable,TKS_DB.DataHandler.GetDataSource.dataTable,Type,2,1
System.Object,System.Object,Type,2,1
System.Object.ReferenceEquals,System.Object,Method,1,1
System.Object.ToString,System.Object,Method,6,1
System.Windows.Forms.MaskFormat.ExcludePromptAndLiterals,System.Windows.Forms.MaskFormat,Field,2,1
System.Windows.Forms.MaskFormat,System.Windows.Forms.MaskFormat,Type,1,1
System.Text.RegularExpressions.Group.Success,System.Text.RegularExpressions.Group,Property,1,1
TKS.frmUser.txtId_TextChanged.sender,TKS.frmUser.txtId_TextChanged.sender,Type,1,1
System.Reflection.AssemblyCompanyAttribute..ctor,System.Reflection.AssemblyCompanyAttribute,Method,3,1
System.Runtime.CompilerServices.CompilerGeneratedAttribute..ctor,System.Runtime.CompilerServices.CompilerGeneratedAttribute,Method,2,1
System.Data.SqlClient.SqlParameterCollection.Add,System.Data.SqlClient.SqlParameterCollection,Method,4,1
System.Windows.Forms.TabPage..ctor,System.Windows.Forms.TabPage,Method,4,1
System.Windows.Forms.TabPage,System.Windows.Forms.TabPage,Type,8,1
System.Windows.Forms.MessageBox.Show,System.Windows.Forms.MessageBox,Method,21,1
System.Windows.Forms.TabPage.UseVisualStyleBackColor,System.Windows.Forms.TabPage,Property,8,1
System.Windows.Forms.TabPage.Text,System.Windows.Forms.TabPage,Property,8,1
System.Windows.Forms.MessageBox,System.Windows.Forms.MessageBox,Type,7,1
System.Windows.Forms.LinkLabelLinkClickedEventHandler,System.Windows.Forms.LinkLabelLinkClickedEventHandler,Type,4,1
System.Windows.Forms.TabPage.TabIndex,System.Windows.Forms.TabPage,Property,4,0
System.Windows.Forms.TabPage.Location,System.Windows.Forms.TabPage,Property,4,0
System.Data.SqlClient.SqlParameter.Value,System.Data.SqlClient.SqlParameter,Property,2,1
TKS_DB.DataHandler.GetDataSource.tableName,TKS_DB.DataHandler.GetDataSource.tableName,Type,1,1
TKS.frmListData.LoadData.displayMember,TKS.frmListData.LoadData.displayMember,Type,1,1
System.Collections.ArrayList.Add,System.Collections.ArrayList,Method,4,1
System.Collections.ArrayList..ctor,System.Collections.ArrayList,Method,1,1
System.Collections.ArrayList,System.Collections.ArrayList,Type,2,1
TKS.frmCustomer.LoadStates.states,TKS.frmCustomer.LoadStates.states,Type,1,1
TKS_DB.DataHandler.GetDataTableSource.adapter,TKS_DB.DataHandler.GetDataTableSource.adapter,Type,1,1
System.Reflection.AssemblyCultureAttribute..ctor,System.Reflection.AssemblyCultureAttribute,Method,3,1
TKS_Models.OrderItem,TKS_Models.OrderItem,Type,3,1
TKS_Models.OrderItem..ctor,TKS_Models.OrderItem,Method,1,1
TKS_Models.Product,TKS_Models.Product,Type,3,1
TKS_DB.DataHandler.UpdateFields.connection,TKS_DB.DataHandler.UpdateFields.connection,Type,3,1
TKS_Models.Product..ctor,TKS_Models.Product,Method,1,1
TKS_Models.OrderItem.Discount,TKS_Models.OrderItem,Property,2,1
TKS_Models.OrderItem.ListPrice,TKS_Models.OrderItem,Property,2,1
TKS_Models.OrderItem.Quantity,TKS_Models.OrderItem,Property,2,1
TKS_Models.OrderItem.ProductId,TKS_Models.OrderItem,Property,2,1
TKS_Models.OrderItem.Id,TKS_Models.OrderItem,Property,2,1
TKS_Models.OrderItem.OrderId,TKS_Models.OrderItem,Property,3,1
TKS_Models.Product.Price,TKS_Models.Product,Property,2,1
TKS_Models.Product.ModelYear,TKS_Models.Product,Property,2,1
TKS_Models.Product.Category,TKS_Models.Product,Property,2,1
TKS_Models.Product.Brand,TKS_Models.Product,Property,2,1
TKS_Models.Product.Name,TKS_Models.Product,Property,2,1
System.Data.SqlClient.SqlDataAdapter..ctor,System.Data.SqlClient.SqlDataAdapter,Method,2,1
System.Data.SqlClient.SqlDataAdapter,System.Data.SqlClient.SqlDataAdapter,Type,2,1
System.Windows.Forms.DataGridViewColumn.Width,System.Windows.Forms.DataGridViewColumn,Property,2,1
System.Windows.Forms.DataGridViewColumn.Visible,System.Windows.Forms.DataGridViewColumn,Property,2,1
System.Windows.Forms.DataGridViewColumn.DefaultCellStyle,System.Windows.Forms.DataGridViewColumn,Property,6,1
TKS.ElectronicBillForms.CustomersOrders.comboBox3_SelectedIndexChanged.combobx,TKS.ElectronicBillForms.CustomersOrders.comboBox3_SelectedIndexChanged.combobx,Type,1,1
System.Windows.Forms.DockStyle.Fill,System.Windows.Forms.DockStyle,Field,4,1
System.Windows.Forms.DockStyle.Bottom,System.Windows.Forms.DockStyle,Field,2,1
System.Reflection.AssemblyVersionAttribute..ctor,System.Reflection.AssemblyVersionAttribute,Method,3,1
System.Windows,System.Windows,Type,35,1
TKS.ElectronicBillForms.CustomersOrders.comboBox3_SelectedIndexChanged.id,TKS.ElectronicBillForms.CustomersOrders.comboBox3_SelectedIndexChanged.id,Type,2,1
System.Windows.Forms.MessageBoxButtons,System.Windows.Forms.MessageBoxButtons,Type,2,1
System.Windows.Forms.TreeNodeMouseClickEventHandler,System.Windows.Forms.TreeNodeMouseClickEventHandler,Type,2,1
System.Windows.Forms.DockStyle,System.Windows.Forms.DockStyle,Type,3,1
System.Windows.Forms.ComboBox.Items,System.Windows.Forms.ComboBox,Property,4,1
System.Windows.Forms.ComboBox.SelectedItem,System.Windows.Forms.ComboBox,Property,8,1
System.Windows.Forms.ComboBox.Text,System.Windows.Forms.ComboBox,Property,4,1
System.Windows.Forms.ComboBox.DropDownStyle,System.Windows.Forms.ComboBox,Property,10,1
System.Windows.Forms.ComboBox.SelectedIndex,System.Windows.Forms.ComboBox,Property,14,1
System.Windows.Forms.ComboBox.DataSource,System.Windows.Forms.ComboBox,Property,8,1
System.Windows.Forms.ComboBox.SelectedIndexChanged,System.Windows.Forms.ComboBox,Event,6,1
System.Windows.Forms.ComboBox,System.Windows.Forms.ComboBox,Type,24,1
System.Windows.Forms.ComboBox..ctor,System.Windows.Forms.ComboBox,Method,9,1
TKS.frmList.SetupGrid.dataTable,TKS.frmList.SetupGrid.dataTable,Type,1,1
TKS.frmProduct.SetAlert.alertControl,TKS.frmProduct.SetAlert.alertControl,Type,2,1
TKS.UiCommons.GetComboValueFromText.item,TKS.UiCommons.GetComboValueFromText.item,Type,2,1
System.Windows.Forms.AutoScaleMode.Font,System.Windows.Forms.AutoScaleMode,Field,13,0
System.Windows.Forms.MessageBoxButtons.YesNo,System.Windows.Forms.MessageBoxButtons,Field,4,1
System.Windows.Forms.DataGridViewColumnCollection.this[],System.Windows.Forms.DataGridViewColumnCollection,Property,5,1
TKS.UiCommons.GetComboValueFromText.text,TKS.UiCommons.GetComboValueFromText.text,Type,1,1
System.Windows.Forms.AutoScaleMode,System.Windows.Forms.AutoScaleMode,Type,13,1
TKS.ucOkCancel.btnOk_Click.sender,TKS.ucOkCancel.btnOk_Click.sender,Type,1,1
TKS_DB.DataHandler.GetTableIdent.tableName,TKS_DB.DataHandler.GetTableIdent.tableName,Type,1,1
TKS.ucOkCancel.set_CancelButtonText.value,TKS.ucOkCancel.set_CancelButtonText.value,Type,1,1
TKS.frmMain.Dispose.disposing,TKS.frmMain.Dispose.disposing,Type,2,1
TKS.frmList.Dispose.disposing,TKS.frmList.Dispose.disposing,Type,2,1
TKS.frmRoles.frmRoles_Load.user,TKS.frmRoles.frmRoles_Load.user,Type,2,1
TKS.ElectronicBillForms.CustomersOrders.button2_Click.item,TKS.ElectronicBillForms.CustomersOrders.button2_Click.item,Type,1,1
TKS_Models.Utilities.DataFormating.GetNullParameter.parameter,TKS_Models.Utilities.DataFormating.GetNullParameter.parameter,Type,2,1
System.Windows.Forms.DataGridViewCellEventHandler,System.Windows.Forms.DataGridViewCellEventHandler,Type,2,1
TKS.frmOrders.lblQuantity,TKS.frmOrders,Field,8,1
TKS.frmOrders.lblPrice,TKS.frmOrders,Field,8,1
TKS.frmOrders.lblDiscount,TKS.frmOrders,Field,8,1
TKS.frmOrders.lblStore,TKS.frmOrders,Field,8,1
TKS.frmOrders.lblStaff,TKS.frmOrders,Field,8,1
TKS.frmOrders.lb,TKS.frmOrders,Field,8,1
TKS.frmOrders.gbxUsers,TKS.frmOrders,Field,11,1
TKS.frmOrders.grbProduct,TKS.frmOrders,Field,11,1
TKS.frmOrders.lbsShipDate,TKS.frmOrders,Field,8,1
TKS.frmOrders.lblOrderN,TKS.frmOrders,Field,8,1
TKS.frmOrders.lblOrderDate,TKS.frmOrders,Field,8,1
TKS.frmOrders.numDiscount,TKS.frmOrders,Field,13,1
TKS.frmOrders.numPrice,TKS.frmOrders,Field,14,1
TKS.frmOrders.numQuantity,TKS.frmOrders,Field,16,1
TKS.frmOrders.components,TKS.frmOrders,Field,2,1
TKS.frmOrders.dtpShipping,TKS.frmOrders,Field,9,1
TKS.frmOrders.dtpArrival,TKS.frmOrders,Field,9,1
TKS.frmOrders.dtpOrder,TKS.frmOrders,Field,9,1
TKS.frmOrders.txtOrder,TKS.frmOrders,Field,8,1
TKS.frmOrders.btnPlaceOrder,TKS.frmOrders,Field,11,1
TKS.frmOrders.ucOkCancel1,TKS.frmOrders,Field,16,1
TKS.frmOrders.pnlOrder,TKS.frmOrders,Field,33,1
TKS.frmOrders.lbxCustomers,TKS.frmOrders,Field,11,1
TKS.frmOrders.lbxProducts,TKS.frmOrders,Field,14,1
TKS.frmOrders.cboStore,TKS.frmOrders,Field,11,1
TKS.frmOrders.cboStaff,TKS.frmOrders,Field,11,1
TKS.frmCustomer..ctor.isNew,TKS.frmCustomer..ctor.isNew,Type,1,1
TKS.frmOrders.UnitPrice,TKS.frmOrders,Property,2,1
TKS.frmOrders.DataHandler,TKS.frmOrders,Property,9,1
TKS.frmOrders.Customers,TKS.frmOrders,Property,2,1
TKS.frmOrders.Products,TKS.frmOrders,Property,2,1
TKS.frmOrders.Stores,TKS.frmOrders,Property,2,1
TKS.frmOrders.Staff,TKS.frmOrders,Property,2,1
TKS_DB.DataHandler.GetDataTableSourceCondition.adapter,TKS_DB.DataHandler.GetDataTableSourceCondition.adapter,Type,1,1
TKS.frmOrders,TKS.frmOrders,Type,2,1
TKS.frmOrders.frmOrders_Load,TKS.frmOrders,Method,1,1
TKS.frmOrders.btnPlaceOrder_Click,TKS.frmOrders,Method,1,1
TKS.frmOrders.NumericUpDownValueChanged,TKS.frmOrders,Method,2,1
TKS.frmOrders.lbxProducts_SelectedIndexChanged,TKS.frmOrders,Method,1,1
TKS.frmOrders.ucOkCancel1_Load,TKS.frmOrders,Method,1,1
TKS.frmOrders.ucOkCancel1_OkClick,TKS.frmOrders,Method,1,1
TKS.frmOrders.GetFinalPrice,TKS.frmOrders,Method,4,1
TKS.frmOrders.GetValidOrders,TKS.frmOrders,Method,2,1
TKS.frmOrders.LoadDataControls,TKS.frmOrders,Method,2,1
TKS.frmOrders.LoadDataSources,TKS.frmOrders,Method,2,1
TKS.frmOrders.InitializeComponent,TKS.frmOrders,Method,2,1
System.Array.Length,System.Array,Property,2,1
TKS.frmProduct.SetAlert.control,TKS.frmProduct.SetAlert.control,Type,1,1
TKS_DB.DataHandler.UpdateFields.role,TKS_DB.DataHandler.UpdateFields.role,Type,1,1
TKS.frmProduct.GetValidProduct.product,TKS.frmProduct.GetValidProduct.product,Type,2,1
System.Windows.Forms.DataGridViewCellEventArgs,System.Windows.Forms.DataGridViewCellEventArgs,Type,1,1
TKS.frmMain.ViewCustomersToolStripMenuItem_Click.form,TKS.frmMain.ViewCustomersToolStripMenuItem_Click.form,Type,1,1
TKS.ElectronicBillForms.CustomersOrders.comboBox2_SelectedIndexChanged.combobx,TKS.ElectronicBillForms.CustomersOrders.comboBox2_SelectedIndexChanged.combobx,Type,1,1
TKS.ElectronicBillForms.CustomersOrders,TKS.ElectronicBillForms.CustomersOrders,Type,2,1
TKS.ElectronicBillForms.CustomersOrders.button2_Click,TKS.ElectronicBillForms.CustomersOrders,Method,1,1
TKS.ElectronicBillForms.CustomersOrders.comboBox3_SelectedIndexChanged,TKS.ElectronicBillForms.CustomersOrders,Method,1,1
TKS.ElectronicBillForms.CustomersOrders.textBox5_TextChanged,TKS.ElectronicBillForms.CustomersOrders,Method,1,1
TKS.ElectronicBillForms.CustomersOrders.comboBox2_SelectedIndexChanged,TKS.ElectronicBillForms.CustomersOrders,Method,1,1
TKS.ElectronicBillForms.CustomersOrders.comboBox1_SelectedIndexChanged,TKS.ElectronicBillForms.CustomersOrders,Method,1,1
TKS.ElectronicBillForms.CustomersOrders.button1_Click,TKS.ElectronicBillForms.CustomersOrders,Method,1,1
TKS.ElectronicBillForms.CustomersOrders.InitializeComponent,TKS.ElectronicBillForms.CustomersOrders,Method,2,1
TKS.ElectronicBillForms.CustomersOrders..ctor,TKS.ElectronicBillForms.CustomersOrders,Method,1,1
TKS.ElectronicBillForms.CustomersOrders.radioButton4_CheckedChanged,TKS.ElectronicBillForms.CustomersOrders,Method,1,1
TKS.ElectronicBillForms.CustomersOrders.radioButton3_CheckedChanged,TKS.ElectronicBillForms.CustomersOrders,Method,1,1
TKS.ElectronicBillForms.CustomersOrders.radioButton2_CheckedChanged,TKS.ElectronicBillForms.CustomersOrders,Method,1,1
TKS.ElectronicBillForms.CustomersOrders.radioButton1_CheckedChanged,TKS.ElectronicBillForms.CustomersOrders,Method,1,1
TKS.ElectronicBillForms.CustomersOrders.CustomersOrders_Load,TKS.ElectronicBillForms.CustomersOrders,Method,1,1
TKS.ElectronicBillForms.CustomersOrders.Orders,TKS.ElectronicBillForms.CustomersOrders,Property,5,1
TKS.ElectronicBillForms.CustomersOrders.DataHandler,TKS.ElectronicBillForms.CustomersOrders,Property,3,1
TKS.ElectronicBillForms.CustomersOrders.Customers,TKS.ElectronicBillForms.CustomersOrders,Property,2,1
TKS.ValidationCommon.IsValidUserName.userId,TKS.ValidationCommon.IsValidUserName.userId,Type,1,1
TKS.ElectronicBillForms.CustomersOrders.paymentSel,TKS.ElectronicBillForms.CustomersOrders,Field,5,1
TKS.ElectronicBillForms.CustomersOrders.orderList,TKS.ElectronicBillForms.CustomersOrders,Field,9,1
TKS.ElectronicBillForms.CustomersOrders.consec,TKS.ElectronicBillForms.CustomersOrders,Field,1,1
TKS.ElectronicBillForms.CustomersOrders.billList,TKS.ElectronicBillForms.CustomersOrders,Field,2,1
TKS.ElectronicBillForms.CustomersOrders.economicActivity,TKS.ElectronicBillForms.CustomersOrders,Field,1,1
TKS.ElectronicBillForms.CustomersOrders.label10,TKS.ElectronicBillForms.CustomersOrders,Field,8,1
TKS.ElectronicBillForms.CustomersOrders.textBox3,TKS.ElectronicBillForms.CustomersOrders,Field,7,1
TKS.ElectronicBillForms.CustomersOrders.radioButton1,TKS.ElectronicBillForms.CustomersOrders,Field,11,1
TKS.ElectronicBillForms.CustomersOrders.radioButton2,TKS.ElectronicBillForms.CustomersOrders,Field,11,1
TKS.ElectronicBillForms.CustomersOrders.radioButton3,TKS.ElectronicBillForms.CustomersOrders,Field,11,1
TKS.ElectronicBillForms.CustomersOrders.radioButton4,TKS.ElectronicBillForms.CustomersOrders,Field,11,1
TKS.ElectronicBillForms.CustomersOrders.groupBox1,TKS.ElectronicBillForms.CustomersOrders,Field,15,1
TKS.ElectronicBillForms.CustomersOrders.label2,TKS.ElectronicBillForms.CustomersOrders,Field,8,1
TKS.ElectronicBillForms.CustomersOrders.button2,TKS.ElectronicBillForms.CustomersOrders,Field,9,1
TKS.ElectronicBillForms.CustomersOrders.label9,TKS.ElectronicBillForms.CustomersOrders,Field,8,1
TKS.ElectronicBillForms.CustomersOrders.label8,TKS.ElectronicBillForms.CustomersOrders,Field,12,1
TKS.ElectronicBillForms.CustomersOrders.textBox5,TKS.ElectronicBillForms.CustomersOrders,Field,7,1
TKS.ElectronicBillForms.CustomersOrders.label7,TKS.ElectronicBillForms.CustomersOrders,Field,8,1
TKS.ElectronicBillForms.CustomersOrders.label6,TKS.ElectronicBillForms.CustomersOrders,Field,8,1
TKS.ElectronicBillForms.CustomersOrders.textBox4,TKS.ElectronicBillForms.CustomersOrders,Field,12,1
TKS.ElectronicBillForms.CustomersOrders.label5,TKS.ElectronicBillForms.CustomersOrders,Field,8,1
TKS.ElectronicBillForms.CustomersOrders.textBox1,TKS.ElectronicBillForms.CustomersOrders,Field,12,1
TKS.ElectronicBillForms.CustomersOrders.label4,TKS.ElectronicBillForms.CustomersOrders,Field,8,1
TKS.ElectronicBillForms.CustomersOrders.button1,TKS.ElectronicBillForms.CustomersOrders,Field,9,1
TKS.ElectronicBillForms.CustomersOrders.comboBox2,TKS.ElectronicBillForms.CustomersOrders,Field,9,1
TKS.ElectronicBillForms.CustomersOrders.officesArray,TKS.ElectronicBillForms.CustomersOrders,Field,2,1
TKS.ElectronicBillForms.CustomersOrders.comboBox1,TKS.ElectronicBillForms.CustomersOrders,Field,9,1
TKS.ElectronicBillForms.CustomersOrders.comboBox3,TKS.ElectronicBillForms.CustomersOrders,Field,9,1
TKS.ElectronicBillForms.CustomersOrders.srlNumbr,TKS.ElectronicBillForms.CustomersOrders,Field,2,1
TKS.ElectronicBillForms.CustomersOrders.components,TKS.ElectronicBillForms.CustomersOrders,Field,2,1
TKS.ElectronicBillForms.CustomersOrders.label1,TKS.ElectronicBillForms.CustomersOrders,Field,8,1
TKS.ElectronicBillForms.CustomersOrders.textBox2,TKS.ElectronicBillForms.CustomersOrders,Field,10,1
TKS.ElectronicBillForms.CustomersOrders.label3,TKS.ElectronicBillForms.CustomersOrders,Field,8,1
TKS.ElectronicBillForms.CustomersOrders.paymentDiscounts,TKS.ElectronicBillForms.CustomersOrders,Field,1,1
TKS_DB.DataHandler.GetTableIdent.connection,TKS_DB.DataHandler.GetTableIdent.connection,Type,3,1
System.Windows.Forms.ListControl.FormattingEnabled,System.Windows.Forms.ListControl,Property,13,0
System.Windows.Forms.ListControl.SelectedValue,System.Windows.Forms.ListControl,Property,2,1
System.Windows.Forms.ListControl.DisplayMember,System.Windows.Forms.ListControl,Property,10,1
System.Windows.Forms.ListControl.ValueMember,System.Windows.Forms.ListControl,Property,16,1
System.Windows.Forms.ListControl.DataSource,System.Windows.Forms.ListControl,Property,6,1
TKS_DB.QueryBuilder,TKS_DB.QueryBuilder,Type,1,1
TKS_DB.QueryBuilder.BuildParameters,TKS_DB.QueryBuilder,Method,4,1
TKS_DB.QueryBuilder.BuildInsertQuery,TKS_DB.QueryBuilder,Method,2,1
TKS.frmRoles.Dispose.disposing,TKS.frmRoles.Dispose.disposing,Type,2,1
TKS.UiCommons.LoadComboSource.cbo,TKS.UiCommons.LoadComboSource.cbo,Type,3,1
TKS.ElectronicBillForms.CustomersOrders.comboBox3_SelectedIndexChanged.order,TKS.ElectronicBillForms.CustomersOrders.comboBox3_SelectedIndexChanged.order,Type,2,1
System.Int32.ToString,System.Int32,Method,6,1
System.Int32,System.Int32,Type,1,1
TKS.ElectronicBillForms.CustomersOrders.button1_Click.count,TKS.ElectronicBillForms.CustomersOrders.button1_Click.count,Type,1,1
TKS.frmCustomer.txtFirstName_Validated.sender,TKS.frmCustomer.txtFirstName_Validated.sender,Type,1,1
TKS.frmCustomer.txtEmail_Leave.control,TKS.frmCustomer.txtEmail_Leave.control,Type,2,1
System.Windows.Forms.Control.Margin,System.Windows.Forms.Control,Property,31,0
System.Windows.Forms.Control.Font,System.Windows.Forms.Control,Property,2,1
System.Windows.Forms.Control.Padding,System.Windows.Forms.Control,Property,8,1
System.Windows.Forms.Control.ForeColor,System.Windows.Forms.Control,Property,8,1
System.Windows.Forms.Control.Visible,System.Windows.Forms.Control,Property,42,1
System.Windows.Forms.Control.TabIndex,System.Windows.Forms.Control,Property,264,1
System.Windows.Forms.Control.Size,System.Windows.Forms.Control,Property,276,1
System.Windows.Forms.Control.Name,System.Windows.Forms.Control,Property,302,1
System.Windows.Forms.Control.Location,System.Windows.Forms.Control,Property,266,1
System.Windows.Forms.Control.CausesValidation,System.Windows.Forms.Control,Property,2,1
System.Windows.Forms.Control.Dock,System.Windows.Forms.Control,Property,6,1
System.Windows.Forms.Control.Controls,System.Windows.Forms.Control,Property,282,1
System.Windows.Forms.Control.Enabled,System.Windows.Forms.Control,Property,70,1
System.Windows.Forms.Control.BackColor,System.Windows.Forms.Control,Property,44,1
System.Windows.Forms.Control.Text,System.Windows.Forms.Control,Property,20,1
System.ComponentModel.CancelEventArgs.Cancel,System.ComponentModel.CancelEventArgs,Property,3,1
System.Windows.Forms.Control.TextChanged,System.Windows.Forms.Control,Event,10,1
System.Windows.Forms.Control.KeyPress,System.Windows.Forms.Control,Event,4,1
System.Windows.Forms.Control.Leave,System.Windows.Forms.Control,Event,4,1
System.Windows.Forms.Control.Validated,System.Windows.Forms.Control,Event,2,1
System.Windows.Forms.Control.Validating,System.Windows.Forms.Control,Event,6,1
System.Windows.Forms.Control.Click,System.Windows.Forms.Control,Event,52,1
System.Windows.Forms.Control,System.Windows.Forms.Control,Type,14,1
System.ComponentModel.CancelEventArgs,System.ComponentModel.CancelEventArgs,Type,2,1
System.Windows.Forms.Control.PerformLayout,System.Windows.Forms.Control,Method,20,1
System.Windows.Forms.Control.Show,System.Windows.Forms.Control,Method,6,1
System.Windows.Forms.Control.ResumeLayout,System.Windows.Forms.Control,Method,78,1
System.Windows.Forms.Control.SuspendLayout,System.Windows.Forms.Control,Method,78,1
System.Windows.Forms.Control.Hide,System.Windows.Forms.Control,Method,3,1
TKS.UiCommons.LoadComboSource.displayMember,TKS.UiCommons.LoadComboSource.displayMember,Type,1,1
TKS.UiCommons.OpenWindow.T,TKS.UiCommons.OpenWindow.T,Type,4,1
TKS.ValidationCommon.IsValidEmailDomian.email,TKS.ValidationCommon.IsValidEmailDomian.email,Type,3,1
TKS_DB.DataHandler.GetTableCount.command,TKS_DB.DataHandler.GetTableCount.command,Type,4,1
System.Windows.Forms.FormBorderStyle.None,System.Windows.Forms.FormBorderStyle,Field,2,1
System.Windows.Forms.FormBorderStyle,System.Windows.Forms.FormBorderStyle,Type,1,1
System,System,Type,73,1
System.Windows.Forms,System.Windows.Forms,Type,35,1
System.Exception,System.Exception,Type,1,1
System.Data.SqlClient.SqlDataReader.Read,System.Data.SqlClient.SqlDataReader,Method,2,1
System.ComponentModel.BackgroundWorker..ctor,System.ComponentModel.BackgroundWorker,Method,1,1
System.ComponentModel.BackgroundWorker,System.ComponentModel.BackgroundWorker,Type,2,1
TKS.frmCustomer.txtFirstName_Validated.control,TKS.frmCustomer.txtFirstName_Validated.control,Type,3,1
System.Data.SqlClient.SqlDataReader.this[],System.Data.SqlClient.SqlDataReader,Property,1,1
System.Drawing.FontStyle.Regular,System.Drawing.FontStyle,Field,2,1
TKS.ElectronicBillForms.CustomersOrders.button2_Click.prflag,TKS.ElectronicBillForms.CustomersOrders.button2_Click.prflag,Type,2,1
TKS.frmOrders.LoadDataControls.products,TKS.frmOrders.LoadDataControls.products,Type,1,1
System.Drawing.FontStyle,System.Drawing.FontStyle,Type,1,1
TKS.ValidationCommon.IsValidUserName.handler,TKS.ValidationCommon.IsValidUserName.handler,Type,1,1
TKS.ElectronicBillForms.CustomersOrders.comboBox3_SelectedIndexChanged.value,TKS.ElectronicBillForms.CustomersOrders.comboBox3_SelectedIndexChanged.value,Type,2,1
System.Windows.Forms.DataGridView,System.Windows.Forms.DataGridView,Type,9,1
System.Windows.Forms.DataGridView..ctor,System.Windows.Forms.DataGridView,Method,4,1
System.Windows.Forms.DataGridView.RowTemplate,System.Windows.Forms.DataGridView,Property,8,1
System.Windows.Forms.DataGridView.ReadOnly,System.Windows.Forms.DataGridView,Property,8,1
System.Windows.Forms.DataGridView.ColumnHeadersHeightSizeMode,System.Windows.Forms.DataGridView,Property,8,1
System.Windows.Forms.DataGridView.AllowUserToDeleteRows,System.Windows.Forms.DataGridView,Property,8,1
System.Windows.Forms.DataGridView.AllowUserToAddRows,System.Windows.Forms.DataGridView,Property,8,1
System.Windows.Forms.DataGridView.Columns,System.Windows.Forms.DataGridView,Property,10,1
System.Windows.Forms.DataGridView.DataSource,System.Windows.Forms.DataGridView,Property,2,1
System.Windows.Forms.DataGridView.AllowUserToResizeRows,System.Windows.Forms.DataGridView,Property,4,0
System.Windows.Forms.DataGridView.AllowUserToResizeColumns,System.Windows.Forms.DataGridView,Property,4,0
System.Windows.Forms.DataGridView.CellContentClick,System.Windows.Forms.DataGridView,Event,1,0
TKS.frmOrders.GetValidOrders.order,TKS.frmOrders.GetValidOrders.order,Type,1,1
System.Data.SqlClient.SqlConnection,System.Data.SqlClient.SqlConnection,Type,8,1
System.Data.SqlClient.SqlConnection.Close,System.Data.SqlClient.SqlConnection,Method,16,1
System.Data.SqlClient.SqlConnection.Open,System.Data.SqlClient.SqlConnection,Method,16,1
System.Data.SqlClient.SqlConnection..ctor,System.Data.SqlClient.SqlConnection,Method,8,1
System.Windows.Forms.Form.ShowDialog,System.Windows.Forms.Form,Method,6,1
System.Windows.Forms.Form.Close,System.Windows.Forms.Form,Method,30,1
System.Windows.Forms.Form.Dispose,System.Windows.Forms.Form,Method,30,1
System.Windows.Forms.Form,System.Windows.Forms.Form,Type,19,1
